SEF	1.0.0
ID	GHCN_BMXLT414882
Name	BHAMO
Lat	24.2
Lon	96.97
Alt	110
Source	GHCN_v4_qcf
Link	ftp://ftp.ncdc.noaa.gov/pub/data/ghcn/v4
Vbl	ta
Stat	mean
Units	C
Meta	Files=BERKELEY_EARTH-ColonialEraWeatherArchive_BE-6219_188701-194009_ta_monthly.tsv;GHCN_v4_qcf_GHCN_BMXLT414882_188701-194012_ta_monthly.tsv
Year	Month	Day	Hour	Minute	Period	Value	Meta
1887	1	NA	NA	NA	month	16.07	orig=1607C(e-2)|DSFLAG=J|file=GHCN_v4_qcf_GHCN_BMXLT414882_188701-194012_ta_monthly.tsv
1887	2	NA	NA	NA	month	17.91	orig=1791C(e-2)|DSFLAG=J|file=GHCN_v4_qcf_GHCN_BMXLT414882_188701-194012_ta_monthly.tsv
1887	3	NA	NA	NA	month	22.27	orig=2227C(e-2)|DSFLAG=J|file=GHCN_v4_qcf_GHCN_BMXLT414882_188701-194012_ta_monthly.tsv
1887	4	NA	NA	NA	month	26.42	orig=2642C(e-2)|DSFLAG=J|file=GHCN_v4_qcf_GHCN_BMXLT414882_188701-194012_ta_monthly.tsv
1887	5	NA	NA	NA	month	27.67	orig=2767C(e-2)|DSFLAG=J|file=GHCN_v4_qcf_GHCN_BMXLT414882_188701-194012_ta_monthly.tsv
1887	6	NA	NA	NA	month	27.37	orig=2737C(e-2)|DSFLAG=J|file=GHCN_v4_qcf_GHCN_BMXLT414882_188701-194012_ta_monthly.tsv
1887	7	NA	NA	NA	month	27.46	orig=2746C(e-2)|DSFLAG=J|file=GHCN_v4_qcf_GHCN_BMXLT414882_188701-194012_ta_monthly.tsv
1887	8	NA	NA	NA	month	27.02	orig=2702C(e-2)|DSFLAG=J|file=GHCN_v4_qcf_GHCN_BMXLT414882_188701-194012_ta_monthly.tsv
1887	9	NA	NA	NA	month	27.57	orig=2757C(e-2)|DSFLAG=J|file=GHCN_v4_qcf_GHCN_BMXLT414882_188701-194012_ta_monthly.tsv
1887	10	NA	NA	NA	month	NA	NA
1887	11	NA	NA	NA	month	NA	NA
1887	12	NA	NA	NA	month	NA	NA
1888	1	NA	NA	NA	month	NA	NA
1888	2	NA	NA	NA	month	NA	NA
1888	3	NA	NA	NA	month	23.12	orig=2312C(e-2)|DSFLAG=J|file=GHCN_v4_qcf_GHCN_BMXLT414882_188701-194012_ta_monthly.tsv
1888	4	NA	NA	NA	month	26.27	orig=2627C(e-2)|DSFLAG=J|file=GHCN_v4_qcf_GHCN_BMXLT414882_188701-194012_ta_monthly.tsv
1888	5	NA	NA	NA	month	28.32	orig=2832C(e-2)|DSFLAG=J|file=GHCN_v4_qcf_GHCN_BMXLT414882_188701-194012_ta_monthly.tsv
1888	6	NA	NA	NA	month	27.42	orig=2742C(e-2)|DSFLAG=J|file=GHCN_v4_qcf_GHCN_BMXLT414882_188701-194012_ta_monthly.tsv
1888	7	NA	NA	NA	month	27.32	orig=2732C(e-2)|DSFLAG=J|file=GHCN_v4_qcf_GHCN_BMXLT414882_188701-194012_ta_monthly.tsv
1888	8	NA	NA	NA	month	27.07	orig=2707C(e-2)|DSFLAG=J|file=GHCN_v4_qcf_GHCN_BMXLT414882_188701-194012_ta_monthly.tsv
1888	9	NA	NA	NA	month	27.57	orig=2757C(e-2)|DSFLAG=J|file=GHCN_v4_qcf_GHCN_BMXLT414882_188701-194012_ta_monthly.tsv
1888	10	NA	NA	NA	month	25.46	orig=2546C(e-2)|DSFLAG=J|file=GHCN_v4_qcf_GHCN_BMXLT414882_188701-194012_ta_monthly.tsv
1888	11	NA	NA	NA	month	21.12	orig=2112C(e-2)|DSFLAG=J|file=GHCN_v4_qcf_GHCN_BMXLT414882_188701-194012_ta_monthly.tsv
1888	12	NA	NA	NA	month	17.07	orig=1707C(e-2)|DSFLAG=J|file=GHCN_v4_qcf_GHCN_BMXLT414882_188701-194012_ta_monthly.tsv
1891	1	NA	NA	NA	month	16.17	orig=1617C(e-2)|DSFLAG=J|file=GHCN_v4_qcf_GHCN_BMXLT414882_188701-194012_ta_monthly.tsv
1891	2	NA	NA	NA	month	17.22	orig=1722C(e-2)|DSFLAG=J|file=GHCN_v4_qcf_GHCN_BMXLT414882_188701-194012_ta_monthly.tsv
1891	3	NA	NA	NA	month	22.67	orig=2267C(e-2)|DSFLAG=J|file=GHCN_v4_qcf_GHCN_BMXLT414882_188701-194012_ta_monthly.tsv
1891	4	NA	NA	NA	month	26.82	orig=2682C(e-2)|DSFLAG=J|file=GHCN_v4_qcf_GHCN_BMXLT414882_188701-194012_ta_monthly.tsv
1891	5	NA	NA	NA	month	28.42	orig=2842C(e-2)|DSFLAG=J|file=GHCN_v4_qcf_GHCN_BMXLT414882_188701-194012_ta_monthly.tsv
1891	6	NA	NA	NA	month	27.52	orig=2752C(e-2)|DSFLAG=J|file=GHCN_v4_qcf_GHCN_BMXLT414882_188701-194012_ta_monthly.tsv
1891	7	NA	NA	NA	month	27.82	orig=2782C(e-2)|DSFLAG=J|file=GHCN_v4_qcf_GHCN_BMXLT414882_188701-194012_ta_monthly.tsv
1891	8	NA	NA	NA	month	27.62	orig=2762C(e-2)|DSFLAG=J|file=GHCN_v4_qcf_GHCN_BMXLT414882_188701-194012_ta_monthly.tsv
1891	9	NA	NA	NA	month	28.07	orig=2807C(e-2)|DSFLAG=J|file=GHCN_v4_qcf_GHCN_BMXLT414882_188701-194012_ta_monthly.tsv
1891	10	NA	NA	NA	month	25.07	orig=2507C(e-2)|DSFLAG=J|file=GHCN_v4_qcf_GHCN_BMXLT414882_188701-194012_ta_monthly.tsv
1891	11	NA	NA	NA	month	20.82	orig=2082C(e-2)|DSFLAG=J|file=GHCN_v4_qcf_GHCN_BMXLT414882_188701-194012_ta_monthly.tsv
1891	12	NA	NA	NA	month	17.52	orig=1752C(e-2)|DSFLAG=J|file=GHCN_v4_qcf_GHCN_BMXLT414882_188701-194012_ta_monthly.tsv
1892	1	NA	NA	NA	month	17.22	orig=1722C(e-2)|DSFLAG=J|file=GHCN_v4_qcf_GHCN_BMXLT414882_188701-194012_ta_monthly.tsv
1892	2	NA	NA	NA	month	19.62	orig=1962C(e-2)|DSFLAG=J|file=GHCN_v4_qcf_GHCN_BMXLT414882_188701-194012_ta_monthly.tsv
1892	3	NA	NA	NA	month	23.46	orig=2346C(e-2)|DSFLAG=J|file=GHCN_v4_qcf_GHCN_BMXLT414882_188701-194012_ta_monthly.tsv
1892	4	NA	NA	NA	month	26.92	orig=2692C(e-2)|DSFLAG=J|file=GHCN_v4_qcf_GHCN_BMXLT414882_188701-194012_ta_monthly.tsv
1892	5	NA	NA	NA	month	27.42	orig=2742C(e-2)|DSFLAG=J|file=GHCN_v4_qcf_GHCN_BMXLT414882_188701-194012_ta_monthly.tsv
1892	6	NA	NA	NA	month	27.77	orig=2777C(e-2)|DSFLAG=J|file=GHCN_v4_qcf_GHCN_BMXLT414882_188701-194012_ta_monthly.tsv
1892	7	NA	NA	NA	month	26.67	orig=2667C(e-2)|DSFLAG=J|file=GHCN_v4_qcf_GHCN_BMXLT414882_188701-194012_ta_monthly.tsv
1892	8	NA	NA	NA	month	26.57	orig=2657C(e-2)|DSFLAG=J|file=GHCN_v4_qcf_GHCN_BMXLT414882_188701-194012_ta_monthly.tsv
1892	9	NA	NA	NA	month	27.67	orig=2767C(e-2)|DSFLAG=J|file=GHCN_v4_qcf_GHCN_BMXLT414882_188701-194012_ta_monthly.tsv
1892	10	NA	NA	NA	month	24.82	orig=2482C(e-2)|DSFLAG=J|file=GHCN_v4_qcf_GHCN_BMXLT414882_188701-194012_ta_monthly.tsv
1892	11	NA	NA	NA	month	20.42	orig=2042C(e-2)|DSFLAG=J|file=GHCN_v4_qcf_GHCN_BMXLT414882_188701-194012_ta_monthly.tsv
1892	12	NA	NA	NA	month	17.21	orig=1721C(e-2)|DSFLAG=J|file=GHCN_v4_qcf_GHCN_BMXLT414882_188701-194012_ta_monthly.tsv
1893	1	NA	NA	NA	month	15.12	orig=1512C(e-2)|DSFLAG=J|file=GHCN_v4_qcf_GHCN_BMXLT414882_188701-194012_ta_monthly.tsv
1893	2	NA	NA	NA	month	18.12	orig=1812C(e-2)|DSFLAG=J|file=GHCN_v4_qcf_GHCN_BMXLT414882_188701-194012_ta_monthly.tsv
1893	3	NA	NA	NA	month	21.62	orig=2162C(e-2)|DSFLAG=J|file=GHCN_v4_qcf_GHCN_BMXLT414882_188701-194012_ta_monthly.tsv
1893	4	NA	NA	NA	month	25.46	orig=2546C(e-2)|DSFLAG=J|file=GHCN_v4_qcf_GHCN_BMXLT414882_188701-194012_ta_monthly.tsv
1893	5	NA	NA	NA	month	27.67	orig=2767C(e-2)|DSFLAG=J|file=GHCN_v4_qcf_GHCN_BMXLT414882_188701-194012_ta_monthly.tsv
1893	6	NA	NA	NA	month	27.37	orig=2737C(e-2)|DSFLAG=J|file=GHCN_v4_qcf_GHCN_BMXLT414882_188701-194012_ta_monthly.tsv
1893	7	NA	NA	NA	month	26.55	Orig.vbl=Tx,Tn|file=BERKELEY_EARTH-ColonialEraWeatherArchive_BE-6219_188701-194009_ta_monthly.tsv
1893	8	NA	NA	NA	month	26.97	orig=2697C(e-2)|DSFLAG=J|file=GHCN_v4_qcf_GHCN_BMXLT414882_188701-194012_ta_monthly.tsv
1893	9	NA	NA	NA	month	27.37	orig=2737C(e-2)|DSFLAG=J|file=GHCN_v4_qcf_GHCN_BMXLT414882_188701-194012_ta_monthly.tsv
1893	10	NA	NA	NA	month	25.77	orig=2577C(e-2)|DSFLAG=J|file=GHCN_v4_qcf_GHCN_BMXLT414882_188701-194012_ta_monthly.tsv
1893	11	NA	NA	NA	month	21.62	orig=2162C(e-2)|DSFLAG=J|file=GHCN_v4_qcf_GHCN_BMXLT414882_188701-194012_ta_monthly.tsv
1893	12	NA	NA	NA	month	15.37	orig=1537C(e-2)|DSFLAG=J|file=GHCN_v4_qcf_GHCN_BMXLT414882_188701-194012_ta_monthly.tsv
1894	1	NA	NA	NA	month	16.27	orig=1627C(e-2)|DSFLAG=J|file=GHCN_v4_qcf_GHCN_BMXLT414882_188701-194012_ta_monthly.tsv
1894	2	NA	NA	NA	month	20.46	orig=2046C(e-2)|DSFLAG=J|file=GHCN_v4_qcf_GHCN_BMXLT414882_188701-194012_ta_monthly.tsv
1894	3	NA	NA	NA	month	22.42	orig=2242C(e-2)|DSFLAG=J|file=GHCN_v4_qcf_GHCN_BMXLT414882_188701-194012_ta_monthly.tsv
1894	4	NA	NA	NA	month	26.21	orig=2621C(e-2)|DSFLAG=J|file=GHCN_v4_qcf_GHCN_BMXLT414882_188701-194012_ta_monthly.tsv
1894	5	NA	NA	NA	month	27.87	orig=2787C(e-2)|DSFLAG=J|file=GHCN_v4_qcf_GHCN_BMXLT414882_188701-194012_ta_monthly.tsv
1894	6	NA	NA	NA	month	27.77	orig=2777C(e-2)|DSFLAG=J|file=GHCN_v4_qcf_GHCN_BMXLT414882_188701-194012_ta_monthly.tsv
1894	7	NA	NA	NA	month	27.32	orig=2732C(e-2)|DSFLAG=J|file=GHCN_v4_qcf_GHCN_BMXLT414882_188701-194012_ta_monthly.tsv
1894	8	NA	NA	NA	month	26.77	orig=2677C(e-2)|DSFLAG=J|file=GHCN_v4_qcf_GHCN_BMXLT414882_188701-194012_ta_monthly.tsv
1894	9	NA	NA	NA	month	27.57	orig=2757C(e-2)|DSFLAG=J|file=GHCN_v4_qcf_GHCN_BMXLT414882_188701-194012_ta_monthly.tsv
1894	10	NA	NA	NA	month	26.52	orig=2652C(e-2)|DSFLAG=J|file=GHCN_v4_qcf_GHCN_BMXLT414882_188701-194012_ta_monthly.tsv
1894	11	NA	NA	NA	month	21.22	orig=2122C(e-2)|DSFLAG=J|file=GHCN_v4_qcf_GHCN_BMXLT414882_188701-194012_ta_monthly.tsv
1894	12	NA	NA	NA	month	17.66	orig=1766C(e-2)|DSFLAG=J|file=GHCN_v4_qcf_GHCN_BMXLT414882_188701-194012_ta_monthly.tsv
1895	1	NA	NA	NA	month	17.02	orig=1702C(e-2)|DSFLAG=J|file=GHCN_v4_qcf_GHCN_BMXLT414882_188701-194012_ta_monthly.tsv
1895	2	NA	NA	NA	month	18.77	orig=1877C(e-2)|DSFLAG=J|file=GHCN_v4_qcf_GHCN_BMXLT414882_188701-194012_ta_monthly.tsv
1895	3	NA	NA	NA	month	23.37	orig=2337C(e-2)|DSFLAG=J|file=GHCN_v4_qcf_GHCN_BMXLT414882_188701-194012_ta_monthly.tsv
1895	4	NA	NA	NA	month	26.02	orig=2602C(e-2)|DSFLAG=J|file=GHCN_v4_qcf_GHCN_BMXLT414882_188701-194012_ta_monthly.tsv
1895	5	NA	NA	NA	month	27.37	orig=2737C(e-2)|DSFLAG=J|file=GHCN_v4_qcf_GHCN_BMXLT414882_188701-194012_ta_monthly.tsv
1895	6	NA	NA	NA	month	28.37	orig=2837C(e-2)|DSFLAG=J|file=GHCN_v4_qcf_GHCN_BMXLT414882_188701-194012_ta_monthly.tsv
1895	7	NA	NA	NA	month	27.02	orig=2702C(e-2)|DSFLAG=J|file=GHCN_v4_qcf_GHCN_BMXLT414882_188701-194012_ta_monthly.tsv
1895	8	NA	NA	NA	month	27.46	orig=2746C(e-2)|DSFLAG=J|file=GHCN_v4_qcf_GHCN_BMXLT414882_188701-194012_ta_monthly.tsv
1895	9	NA	NA	NA	month	27.92	orig=2792C(e-2)|DSFLAG=J|file=GHCN_v4_qcf_GHCN_BMXLT414882_188701-194012_ta_monthly.tsv
1895	10	NA	NA	NA	month	24.87	orig=2487C(e-2)|DSFLAG=J|file=GHCN_v4_qcf_GHCN_BMXLT414882_188701-194012_ta_monthly.tsv
1895	11	NA	NA	NA	month	20.72	orig=2072C(e-2)|DSFLAG=J|file=GHCN_v4_qcf_GHCN_BMXLT414882_188701-194012_ta_monthly.tsv
1895	12	NA	NA	NA	month	16.77	orig=1677C(e-2)|DSFLAG=J|file=GHCN_v4_qcf_GHCN_BMXLT414882_188701-194012_ta_monthly.tsv
1896	1	NA	NA	NA	month	15.91	orig=1591C(e-2)|DSFLAG=J|file=GHCN_v4_qcf_GHCN_BMXLT414882_188701-194012_ta_monthly.tsv
1896	2	NA	NA	NA	month	17.87	orig=1787C(e-2)|DSFLAG=J|file=GHCN_v4_qcf_GHCN_BMXLT414882_188701-194012_ta_monthly.tsv
1896	3	NA	NA	NA	month	23.47	orig=2347C(e-2)|DSFLAG=J|file=GHCN_v4_qcf_GHCN_BMXLT414882_188701-194012_ta_monthly.tsv
1896	4	NA	NA	NA	month	26.37	orig=2637C(e-2)|DSFLAG=J|file=GHCN_v4_qcf_GHCN_BMXLT414882_188701-194012_ta_monthly.tsv
1896	5	NA	NA	NA	month	28.21	orig=2821C(e-2)|DSFLAG=J|file=GHCN_v4_qcf_GHCN_BMXLT414882_188701-194012_ta_monthly.tsv
1896	6	NA	NA	NA	month	27.92	orig=2792C(e-2)|DSFLAG=J|file=GHCN_v4_qcf_GHCN_BMXLT414882_188701-194012_ta_monthly.tsv
1896	7	NA	NA	NA	month	27.67	orig=2767C(e-2)|DSFLAG=J|file=GHCN_v4_qcf_GHCN_BMXLT414882_188701-194012_ta_monthly.tsv
1896	8	NA	NA	NA	month	27.67	orig=2767C(e-2)|DSFLAG=J|file=GHCN_v4_qcf_GHCN_BMXLT414882_188701-194012_ta_monthly.tsv
1896	9	NA	NA	NA	month	27.21	orig=2721C(e-2)|DSFLAG=J|file=GHCN_v4_qcf_GHCN_BMXLT414882_188701-194012_ta_monthly.tsv
1896	10	NA	NA	NA	month	25.47	orig=2547C(e-2)|DSFLAG=J|file=GHCN_v4_qcf_GHCN_BMXLT414882_188701-194012_ta_monthly.tsv
1896	11	NA	NA	NA	month	19.87	orig=1987C(e-2)|DSFLAG=J|file=GHCN_v4_qcf_GHCN_BMXLT414882_188701-194012_ta_monthly.tsv
1896	12	NA	NA	NA	month	17.16	orig=1716C(e-2)|DSFLAG=J|file=GHCN_v4_qcf_GHCN_BMXLT414882_188701-194012_ta_monthly.tsv
1897	1	NA	NA	NA	month	17.71	orig=1771C(e-2)|DSFLAG=J|file=GHCN_v4_qcf_GHCN_BMXLT414882_188701-194012_ta_monthly.tsv
1897	2	NA	NA	NA	month	19.87	orig=1987C(e-2)|DSFLAG=J|file=GHCN_v4_qcf_GHCN_BMXLT414882_188701-194012_ta_monthly.tsv
1897	3	NA	NA	NA	month	23.27	orig=2327C(e-2)|DSFLAG=J|file=GHCN_v4_qcf_GHCN_BMXLT414882_188701-194012_ta_monthly.tsv
1897	4	NA	NA	NA	month	27.71	orig=2771C(e-2)|DSFLAG=J|file=GHCN_v4_qcf_GHCN_BMXLT414882_188701-194012_ta_monthly.tsv
1897	5	NA	NA	NA	month	28.62	orig=2862C(e-2)|DSFLAG=J|file=GHCN_v4_qcf_GHCN_BMXLT414882_188701-194012_ta_monthly.tsv
1897	6	NA	NA	NA	month	28.46	orig=2846C(e-2)|DSFLAG=J|file=GHCN_v4_qcf_GHCN_BMXLT414882_188701-194012_ta_monthly.tsv
1897	7	NA	NA	NA	month	26.87	orig=2687C(e-2)|DSFLAG=J|file=GHCN_v4_qcf_GHCN_BMXLT414882_188701-194012_ta_monthly.tsv
1897	8	NA	NA	NA	month	27.46	orig=2746C(e-2)|DSFLAG=J|file=GHCN_v4_qcf_GHCN_BMXLT414882_188701-194012_ta_monthly.tsv
1897	9	NA	NA	NA	month	27.37	orig=2737C(e-2)|DSFLAG=J|file=GHCN_v4_qcf_GHCN_BMXLT414882_188701-194012_ta_monthly.tsv
1897	10	NA	NA	NA	month	26.77	orig=2677C(e-2)|DSFLAG=J|file=GHCN_v4_qcf_GHCN_BMXLT414882_188701-194012_ta_monthly.tsv
1897	11	NA	NA	NA	month	20.07	orig=2007C(e-2)|DSFLAG=J|file=GHCN_v4_qcf_GHCN_BMXLT414882_188701-194012_ta_monthly.tsv
1897	12	NA	NA	NA	month	17.52	orig=1752C(e-2)|DSFLAG=J|file=GHCN_v4_qcf_GHCN_BMXLT414882_188701-194012_ta_monthly.tsv
1898	1	NA	NA	NA	month	16.82	orig=1682C(e-2)|DSFLAG=J|file=GHCN_v4_qcf_GHCN_BMXLT414882_188701-194012_ta_monthly.tsv
1898	2	NA	NA	NA	month	19.12	orig=1912C(e-2)|DSFLAG=J|file=GHCN_v4_qcf_GHCN_BMXLT414882_188701-194012_ta_monthly.tsv
1898	3	NA	NA	NA	month	23.37	orig=2337C(e-2)|DSFLAG=J|file=GHCN_v4_qcf_GHCN_BMXLT414882_188701-194012_ta_monthly.tsv
1898	4	NA	NA	NA	month	28.46	orig=2846C(e-2)|DSFLAG=J|file=GHCN_v4_qcf_GHCN_BMXLT414882_188701-194012_ta_monthly.tsv
1898	5	NA	NA	NA	month	28.37	orig=2837C(e-2)|DSFLAG=J|file=GHCN_v4_qcf_GHCN_BMXLT414882_188701-194012_ta_monthly.tsv
1898	6	NA	NA	NA	month	27.97	orig=2797C(e-2)|DSFLAG=J|file=GHCN_v4_qcf_GHCN_BMXLT414882_188701-194012_ta_monthly.tsv
1898	7	NA	NA	NA	month	27.87	orig=2787C(e-2)|DSFLAG=J|file=GHCN_v4_qcf_GHCN_BMXLT414882_188701-194012_ta_monthly.tsv
1898	8	NA	NA	NA	month	27.12	orig=2712C(e-2)|DSFLAG=J|file=GHCN_v4_qcf_GHCN_BMXLT414882_188701-194012_ta_monthly.tsv
1898	9	NA	NA	NA	month	27.02	orig=2702C(e-2)|DSFLAG=J|file=GHCN_v4_qcf_GHCN_BMXLT414882_188701-194012_ta_monthly.tsv
1898	10	NA	NA	NA	month	25.67	orig=2567C(e-2)|DSFLAG=J|file=GHCN_v4_qcf_GHCN_BMXLT414882_188701-194012_ta_monthly.tsv
1898	11	NA	NA	NA	month	21.02	orig=2102C(e-2)|DSFLAG=J|file=GHCN_v4_qcf_GHCN_BMXLT414882_188701-194012_ta_monthly.tsv
1898	12	NA	NA	NA	month	18.27	orig=1827C(e-2)|DSFLAG=J|file=GHCN_v4_qcf_GHCN_BMXLT414882_188701-194012_ta_monthly.tsv
1899	1	NA	NA	NA	month	16.27	orig=1627C(e-2)|DSFLAG=J|file=GHCN_v4_qcf_GHCN_BMXLT414882_188701-194012_ta_monthly.tsv
1899	2	NA	NA	NA	month	18.66	orig=1866C(e-2)|DSFLAG=J|file=GHCN_v4_qcf_GHCN_BMXLT414882_188701-194012_ta_monthly.tsv
1899	3	NA	NA	NA	month	23.52	orig=2352C(e-2)|DSFLAG=J|file=GHCN_v4_qcf_GHCN_BMXLT414882_188701-194012_ta_monthly.tsv
1899	4	NA	NA	NA	month	23.77	orig=2377C(e-2)|DSFLAG=J|file=GHCN_v4_qcf_GHCN_BMXLT414882_188701-194012_ta_monthly.tsv
1899	5	NA	NA	NA	month	27.62	orig=2762C(e-2)|DSFLAG=J|file=GHCN_v4_qcf_GHCN_BMXLT414882_188701-194012_ta_monthly.tsv
1899	6	NA	NA	NA	month	27.17	orig=2717C(e-2)|DSFLAG=J|file=GHCN_v4_qcf_GHCN_BMXLT414882_188701-194012_ta_monthly.tsv
1899	7	NA	NA	NA	month	27.37	orig=2737C(e-2)|DSFLAG=J|file=GHCN_v4_qcf_GHCN_BMXLT414882_188701-194012_ta_monthly.tsv
1899	8	NA	NA	NA	month	27.87	orig=2787C(e-2)|DSFLAG=J|file=GHCN_v4_qcf_GHCN_BMXLT414882_188701-194012_ta_monthly.tsv
1899	9	NA	NA	NA	month	27.62	orig=2762C(e-2)|DSFLAG=J|file=GHCN_v4_qcf_GHCN_BMXLT414882_188701-194012_ta_monthly.tsv
1899	10	NA	NA	NA	month	25.67	orig=2567C(e-2)|DSFLAG=J|file=GHCN_v4_qcf_GHCN_BMXLT414882_188701-194012_ta_monthly.tsv
1899	11	NA	NA	NA	month	20.62	orig=2062C(e-2)|DSFLAG=J|file=GHCN_v4_qcf_GHCN_BMXLT414882_188701-194012_ta_monthly.tsv
1899	12	NA	NA	NA	month	16.41	orig=1641C(e-2)|DSFLAG=J|file=GHCN_v4_qcf_GHCN_BMXLT414882_188701-194012_ta_monthly.tsv
1900	1	NA	NA	NA	month	16.87	orig=1687C(e-2)|DSFLAG=J|file=GHCN_v4_qcf_GHCN_BMXLT414882_188701-194012_ta_monthly.tsv
1900	2	NA	NA	NA	month	19.77	orig=1977C(e-2)|DSFLAG=J|file=GHCN_v4_qcf_GHCN_BMXLT414882_188701-194012_ta_monthly.tsv
1900	3	NA	NA	NA	month	22.62	orig=2262C(e-2)|DSFLAG=J|file=GHCN_v4_qcf_GHCN_BMXLT414882_188701-194012_ta_monthly.tsv
1900	4	NA	NA	NA	month	26.27	orig=2627C(e-2)|DSFLAG=J|file=GHCN_v4_qcf_GHCN_BMXLT414882_188701-194012_ta_monthly.tsv
1900	5	NA	NA	NA	month	28.12	orig=2812C(e-2)|DSFLAG=J|file=GHCN_v4_qcf_GHCN_BMXLT414882_188701-194012_ta_monthly.tsv
1900	6	NA	NA	NA	month	28.62	orig=2862C(e-2)|DSFLAG=J|file=GHCN_v4_qcf_GHCN_BMXLT414882_188701-194012_ta_monthly.tsv
1900	7	NA	NA	NA	month	27.02	orig=2702C(e-2)|DSFLAG=J|file=GHCN_v4_qcf_GHCN_BMXLT414882_188701-194012_ta_monthly.tsv
1900	8	NA	NA	NA	month	28.37	orig=2837C(e-2)|DSFLAG=J|file=GHCN_v4_qcf_GHCN_BMXLT414882_188701-194012_ta_monthly.tsv
1900	9	NA	NA	NA	month	27.17	orig=2717C(e-2)|DSFLAG=J|file=GHCN_v4_qcf_GHCN_BMXLT414882_188701-194012_ta_monthly.tsv
1900	10	NA	NA	NA	month	25.82	orig=2582C(e-2)|DSFLAG=J|file=GHCN_v4_qcf_GHCN_BMXLT414882_188701-194012_ta_monthly.tsv
1900	11	NA	NA	NA	month	21.67	orig=2167C(e-2)|DSFLAG=J|file=GHCN_v4_qcf_GHCN_BMXLT414882_188701-194012_ta_monthly.tsv
1900	12	NA	NA	NA	month	17.77	orig=1777C(e-2)|DSFLAG=J|file=GHCN_v4_qcf_GHCN_BMXLT414882_188701-194012_ta_monthly.tsv
1901	1	NA	NA	NA	month	16.02	orig=1602C(e-2)|DSFLAG=J|file=GHCN_v4_qcf_GHCN_BMXLT414882_188701-194012_ta_monthly.tsv
1901	2	NA	NA	NA	month	20.12	orig=2012C(e-2)|DSFLAG=J|file=GHCN_v4_qcf_GHCN_BMXLT414882_188701-194012_ta_monthly.tsv
1901	3	NA	NA	NA	month	22.97	orig=2297C(e-2)|DSFLAG=J|file=GHCN_v4_qcf_GHCN_BMXLT414882_188701-194012_ta_monthly.tsv
1901	4	NA	NA	NA	month	25.77	orig=2577C(e-2)|DSFLAG=J|file=GHCN_v4_qcf_GHCN_BMXLT414882_188701-194012_ta_monthly.tsv
1901	5	NA	NA	NA	month	28.22	orig=2822C(e-2)|DSFLAG=J|file=GHCN_v4_qcf_GHCN_BMXLT414882_188701-194012_ta_monthly.tsv
1901	6	NA	NA	NA	month	27.92	orig=2792C(e-2)|DSFLAG=J|file=GHCN_v4_qcf_GHCN_BMXLT414882_188701-194012_ta_monthly.tsv
1901	7	NA	NA	NA	month	27.82	orig=2782C(e-2)|DSFLAG=J|file=GHCN_v4_qcf_GHCN_BMXLT414882_188701-194012_ta_monthly.tsv
1901	8	NA	NA	NA	month	27.37	orig=2737C(e-2)|DSFLAG=J|file=GHCN_v4_qcf_GHCN_BMXLT414882_188701-194012_ta_monthly.tsv
1901	9	NA	NA	NA	month	27.37	orig=2737C(e-2)|DSFLAG=J|file=GHCN_v4_qcf_GHCN_BMXLT414882_188701-194012_ta_monthly.tsv
1901	10	NA	NA	NA	month	26.02	orig=2602C(e-2)|DSFLAG=J|file=GHCN_v4_qcf_GHCN_BMXLT414882_188701-194012_ta_monthly.tsv
1901	11	NA	NA	NA	month	21.02	orig=2102C(e-2)|DSFLAG=J|file=GHCN_v4_qcf_GHCN_BMXLT414882_188701-194012_ta_monthly.tsv
1901	12	NA	NA	NA	month	16.66	orig=1666C(e-2)|DSFLAG=J|file=GHCN_v4_qcf_GHCN_BMXLT414882_188701-194012_ta_monthly.tsv
1902	1	NA	NA	NA	month	16.02	orig=1602C(e-2)|DSFLAG=J|file=GHCN_v4_qcf_GHCN_BMXLT414882_188701-194012_ta_monthly.tsv
1902	2	NA	NA	NA	month	18.62	orig=1862C(e-2)|DSFLAG=J|file=GHCN_v4_qcf_GHCN_BMXLT414882_188701-194012_ta_monthly.tsv
1902	3	NA	NA	NA	month	23.17	orig=2317C(e-2)|DSFLAG=J|file=GHCN_v4_qcf_GHCN_BMXLT414882_188701-194012_ta_monthly.tsv
1902	4	NA	NA	NA	month	25.02	orig=2502C(e-2)|DSFLAG=J|file=GHCN_v4_qcf_GHCN_BMXLT414882_188701-194012_ta_monthly.tsv
1902	5	NA	NA	NA	month	27.07	orig=2707C(e-2)|DSFLAG=J|file=GHCN_v4_qcf_GHCN_BMXLT414882_188701-194012_ta_monthly.tsv
1902	6	NA	NA	NA	month	27.82	orig=2782C(e-2)|DSFLAG=J|file=GHCN_v4_qcf_GHCN_BMXLT414882_188701-194012_ta_monthly.tsv
1902	7	NA	NA	NA	month	26.77	orig=2677C(e-2)|DSFLAG=J|file=GHCN_v4_qcf_GHCN_BMXLT414882_188701-194012_ta_monthly.tsv
1902	8	NA	NA	NA	month	27.62	orig=2762C(e-2)|DSFLAG=J|file=GHCN_v4_qcf_GHCN_BMXLT414882_188701-194012_ta_monthly.tsv
1902	9	NA	NA	NA	month	26.96	orig=2696C(e-2)|DSFLAG=J|file=GHCN_v4_qcf_GHCN_BMXLT414882_188701-194012_ta_monthly.tsv
1902	10	NA	NA	NA	month	24.12	orig=2412C(e-2)|DSFLAG=J|file=GHCN_v4_qcf_GHCN_BMXLT414882_188701-194012_ta_monthly.tsv
1902	11	NA	NA	NA	month	19.57	orig=1957C(e-2)|DSFLAG=J|file=GHCN_v4_qcf_GHCN_BMXLT414882_188701-194012_ta_monthly.tsv
1902	12	NA	NA	NA	month	16.16	orig=1616C(e-2)|DSFLAG=J|file=GHCN_v4_qcf_GHCN_BMXLT414882_188701-194012_ta_monthly.tsv
1903	1	NA	NA	NA	month	15.91	orig=1591C(e-2)|DSFLAG=J|file=GHCN_v4_qcf_GHCN_BMXLT414882_188701-194012_ta_monthly.tsv
1903	2	NA	NA	NA	month	17.87	orig=1787C(e-2)|DSFLAG=J|file=GHCN_v4_qcf_GHCN_BMXLT414882_188701-194012_ta_monthly.tsv
1903	3	NA	NA	NA	month	22.27	orig=2227C(e-2)|DSFLAG=J|file=GHCN_v4_qcf_GHCN_BMXLT414882_188701-194012_ta_monthly.tsv
1903	4	NA	NA	NA	month	27.27	orig=2727C(e-2)|DSFLAG=J|file=GHCN_v4_qcf_GHCN_BMXLT414882_188701-194012_ta_monthly.tsv
1903	5	NA	NA	NA	month	29.17	orig=2917C(e-2)|DSFLAG=J|file=GHCN_v4_qcf_GHCN_BMXLT414882_188701-194012_ta_monthly.tsv
1903	6	NA	NA	NA	month	27.27	orig=2727C(e-2)|DSFLAG=J|file=GHCN_v4_qcf_GHCN_BMXLT414882_188701-194012_ta_monthly.tsv
1903	7	NA	NA	NA	month	28.02	orig=2802C(e-2)|DSFLAG=J|file=GHCN_v4_qcf_GHCN_BMXLT414882_188701-194012_ta_monthly.tsv
1903	8	NA	NA	NA	month	26.62	orig=2662C(e-2)|DSFLAG=J|file=GHCN_v4_qcf_GHCN_BMXLT414882_188701-194012_ta_monthly.tsv
1903	9	NA	NA	NA	month	27.46	orig=2746C(e-2)|DSFLAG=J|file=GHCN_v4_qcf_GHCN_BMXLT414882_188701-194012_ta_monthly.tsv
1903	10	NA	NA	NA	month	26.12	orig=2612C(e-2)|DSFLAG=J|file=GHCN_v4_qcf_GHCN_BMXLT414882_188701-194012_ta_monthly.tsv
1903	11	NA	NA	NA	month	25.8	Orig.vbl=Tx,Tn|file=BERKELEY_EARTH-ColonialEraWeatherArchive_BE-6219_188701-194009_ta_monthly.tsv
1903	12	NA	NA	NA	month	16.77	orig=1677C(e-2)|DSFLAG=J|file=GHCN_v4_qcf_GHCN_BMXLT414882_188701-194012_ta_monthly.tsv
1904	1	NA	NA	NA	month	15.37	orig=1537C(e-2)|DSFLAG=J|file=GHCN_v4_qcf_GHCN_BMXLT414882_188701-194012_ta_monthly.tsv
1904	2	NA	NA	NA	month	18.02	orig=1802C(e-2)|DSFLAG=J|file=GHCN_v4_qcf_GHCN_BMXLT414882_188701-194012_ta_monthly.tsv
1904	3	NA	NA	NA	month	22.92	orig=2292C(e-2)|DSFLAG=J|file=GHCN_v4_qcf_GHCN_BMXLT414882_188701-194012_ta_monthly.tsv
1904	4	NA	NA	NA	month	25.02	orig=2502C(e-2)|DSFLAG=J|file=GHCN_v4_qcf_GHCN_BMXLT414882_188701-194012_ta_monthly.tsv
1904	5	NA	NA	NA	month	27.42	orig=2742C(e-2)|DSFLAG=J|file=GHCN_v4_qcf_GHCN_BMXLT414882_188701-194012_ta_monthly.tsv
1904	6	NA	NA	NA	month	27.07	orig=2707C(e-2)|DSFLAG=J|file=GHCN_v4_qcf_GHCN_BMXLT414882_188701-194012_ta_monthly.tsv
1904	7	NA	NA	NA	month	26.46	orig=2646C(e-2)|DSFLAG=J|file=GHCN_v4_qcf_GHCN_BMXLT414882_188701-194012_ta_monthly.tsv
1904	8	NA	NA	NA	month	27.12	orig=2712C(e-2)|DSFLAG=J|file=GHCN_v4_qcf_GHCN_BMXLT414882_188701-194012_ta_monthly.tsv
1904	9	NA	NA	NA	month	27.32	orig=2732C(e-2)|DSFLAG=J|file=GHCN_v4_qcf_GHCN_BMXLT414882_188701-194012_ta_monthly.tsv
1904	10	NA	NA	NA	month	25.37	orig=2537C(e-2)|DSFLAG=J|file=GHCN_v4_qcf_GHCN_BMXLT414882_188701-194012_ta_monthly.tsv
1904	11	NA	NA	NA	month	20.67	orig=2067C(e-2)|DSFLAG=J|file=GHCN_v4_qcf_GHCN_BMXLT414882_188701-194012_ta_monthly.tsv
1904	12	NA	NA	NA	month	16.07	orig=1607C(e-2)|DSFLAG=J|file=GHCN_v4_qcf_GHCN_BMXLT414882_188701-194012_ta_monthly.tsv
1905	1	NA	NA	NA	month	15.37	orig=1537C(e-2)|DSFLAG=J|file=GHCN_v4_qcf_GHCN_BMXLT414882_188701-194012_ta_monthly.tsv
1905	2	NA	NA	NA	month	16.96	orig=1696C(e-2)|DSFLAG=J|file=GHCN_v4_qcf_GHCN_BMXLT414882_188701-194012_ta_monthly.tsv
1905	3	NA	NA	NA	month	21.17	orig=2117C(e-2)|DSFLAG=J|file=GHCN_v4_qcf_GHCN_BMXLT414882_188701-194012_ta_monthly.tsv
1905	4	NA	NA	NA	month	24.07	orig=2407C(e-2)|DSFLAG=J|file=GHCN_v4_qcf_GHCN_BMXLT414882_188701-194012_ta_monthly.tsv
1905	5	NA	NA	NA	month	27.67	orig=2767C(e-2)|DSFLAG=J|file=GHCN_v4_qcf_GHCN_BMXLT414882_188701-194012_ta_monthly.tsv
1905	6	NA	NA	NA	month	27.82	orig=2782C(e-2)|DSFLAG=J|file=GHCN_v4_qcf_GHCN_BMXLT414882_188701-194012_ta_monthly.tsv
1905	7	NA	NA	NA	month	27.57	orig=2757C(e-2)|DSFLAG=J|file=GHCN_v4_qcf_GHCN_BMXLT414882_188701-194012_ta_monthly.tsv
1905	8	NA	NA	NA	month	26.32	orig=2632C(e-2)|DSFLAG=J|file=GHCN_v4_qcf_GHCN_BMXLT414882_188701-194012_ta_monthly.tsv
1905	9	NA	NA	NA	month	27.77	orig=2777C(e-2)|DSFLAG=J|file=GHCN_v4_qcf_GHCN_BMXLT414882_188701-194012_ta_monthly.tsv
1905	10	NA	NA	NA	month	25.32	orig=2532C(e-2)|DSFLAG=J|file=GHCN_v4_qcf_GHCN_BMXLT414882_188701-194012_ta_monthly.tsv
1905	11	NA	NA	NA	month	21.17	orig=2117C(e-2)|DSFLAG=J|file=GHCN_v4_qcf_GHCN_BMXLT414882_188701-194012_ta_monthly.tsv
1905	12	NA	NA	NA	month	16.62	orig=1662C(e-2)|DSFLAG=J|file=GHCN_v4_qcf_GHCN_BMXLT414882_188701-194012_ta_monthly.tsv
1906	1	NA	NA	NA	month	16.47	orig=1647C(e-2)|DSFLAG=J|file=GHCN_v4_qcf_GHCN_BMXLT414882_188701-194012_ta_monthly.tsv
1906	2	NA	NA	NA	month	18.41	orig=1841C(e-2)|DSFLAG=J|file=GHCN_v4_qcf_GHCN_BMXLT414882_188701-194012_ta_monthly.tsv
1906	3	NA	NA	NA	month	21.37	orig=2137C(e-2)|DSFLAG=J|file=GHCN_v4_qcf_GHCN_BMXLT414882_188701-194012_ta_monthly.tsv
1906	4	NA	NA	NA	month	25.62	orig=2562C(e-2)|DSFLAG=J|file=GHCN_v4_qcf_GHCN_BMXLT414882_188701-194012_ta_monthly.tsv
1906	5	NA	NA	NA	month	28.32	orig=2832C(e-2)|DSFLAG=J|file=GHCN_v4_qcf_GHCN_BMXLT414882_188701-194012_ta_monthly.tsv
1906	6	NA	NA	NA	month	27.07	orig=2707C(e-2)|DSFLAG=J|file=GHCN_v4_qcf_GHCN_BMXLT414882_188701-194012_ta_monthly.tsv
1906	7	NA	NA	NA	month	27.62	orig=2762C(e-2)|DSFLAG=J|file=GHCN_v4_qcf_GHCN_BMXLT414882_188701-194012_ta_monthly.tsv
1906	8	NA	NA	NA	month	26.77	orig=2677C(e-2)|DSFLAG=J|file=GHCN_v4_qcf_GHCN_BMXLT414882_188701-194012_ta_monthly.tsv
1906	9	NA	NA	NA	month	28.17	orig=2817C(e-2)|DSFLAG=J|file=GHCN_v4_qcf_GHCN_BMXLT414882_188701-194012_ta_monthly.tsv
1906	10	NA	NA	NA	month	24.82	orig=2482C(e-2)|DSFLAG=J|file=GHCN_v4_qcf_GHCN_BMXLT414882_188701-194012_ta_monthly.tsv
1906	11	NA	NA	NA	month	21.17	orig=2117C(e-2)|DSFLAG=J|file=GHCN_v4_qcf_GHCN_BMXLT414882_188701-194012_ta_monthly.tsv
1906	12	NA	NA	NA	month	16.91	orig=1691C(e-2)|DSFLAG=J|file=GHCN_v4_qcf_GHCN_BMXLT414882_188701-194012_ta_monthly.tsv
1907	1	NA	NA	NA	month	16.12	orig=1612C(e-2)|DSFLAG=J|file=GHCN_v4_qcf_GHCN_BMXLT414882_188701-194012_ta_monthly.tsv
1907	2	NA	NA	NA	month	18.97	orig=1897C(e-2)|DSFLAG=J|file=GHCN_v4_qcf_GHCN_BMXLT414882_188701-194012_ta_monthly.tsv
1907	3	NA	NA	NA	month	21.77	orig=2177C(e-2)|DSFLAG=J|file=GHCN_v4_qcf_GHCN_BMXLT414882_188701-194012_ta_monthly.tsv
1907	4	NA	NA	NA	month	25.22	orig=2522C(e-2)|DSFLAG=J|file=GHCN_v4_qcf_GHCN_BMXLT414882_188701-194012_ta_monthly.tsv
1907	5	NA	NA	NA	month	27.47	orig=2747C(e-2)|DSFLAG=J|file=GHCN_v4_qcf_GHCN_BMXLT414882_188701-194012_ta_monthly.tsv
1907	6	NA	NA	NA	month	27.17	orig=2717C(e-2)|DSFLAG=J|file=GHCN_v4_qcf_GHCN_BMXLT414882_188701-194012_ta_monthly.tsv
1907	7	NA	NA	NA	month	26.82	orig=2682C(e-2)|DSFLAG=J|file=GHCN_v4_qcf_GHCN_BMXLT414882_188701-194012_ta_monthly.tsv
1907	8	NA	NA	NA	month	27.37	orig=2737C(e-2)|DSFLAG=J|file=GHCN_v4_qcf_GHCN_BMXLT414882_188701-194012_ta_monthly.tsv
1907	9	NA	NA	NA	month	26.87	orig=2687C(e-2)|DSFLAG=J|file=GHCN_v4_qcf_GHCN_BMXLT414882_188701-194012_ta_monthly.tsv
1907	10	NA	NA	NA	month	25.27	orig=2527C(e-2)|DSFLAG=J|file=GHCN_v4_qcf_GHCN_BMXLT414882_188701-194012_ta_monthly.tsv
1907	11	NA	NA	NA	month	20.67	orig=2067C(e-2)|DSFLAG=J|file=GHCN_v4_qcf_GHCN_BMXLT414882_188701-194012_ta_monthly.tsv
1907	12	NA	NA	NA	month	17.07	orig=1707C(e-2)|DSFLAG=J|file=GHCN_v4_qcf_GHCN_BMXLT414882_188701-194012_ta_monthly.tsv
1908	1	NA	NA	NA	month	16.32	orig=1632C(e-2)|DSFLAG=J|file=GHCN_v4_qcf_GHCN_BMXLT414882_188701-194012_ta_monthly.tsv
1908	2	NA	NA	NA	month	18.91	orig=1891C(e-2)|DSFLAG=J|file=GHCN_v4_qcf_GHCN_BMXLT414882_188701-194012_ta_monthly.tsv
1908	3	NA	NA	NA	month	22.96	orig=2296C(e-2)|DSFLAG=J|file=GHCN_v4_qcf_GHCN_BMXLT414882_188701-194012_ta_monthly.tsv
1908	4	NA	NA	NA	month	27.87	orig=2787C(e-2)|DSFLAG=J|file=GHCN_v4_qcf_GHCN_BMXLT414882_188701-194012_ta_monthly.tsv
1908	5	NA	NA	NA	month	28.17	orig=2817C(e-2)|DSFLAG=J|file=GHCN_v4_qcf_GHCN_BMXLT414882_188701-194012_ta_monthly.tsv
1908	6	NA	NA	NA	month	27.62	orig=2762C(e-2)|DSFLAG=J|file=GHCN_v4_qcf_GHCN_BMXLT414882_188701-194012_ta_monthly.tsv
1908	7	NA	NA	NA	month	27.27	orig=2727C(e-2)|DSFLAG=J|file=GHCN_v4_qcf_GHCN_BMXLT414882_188701-194012_ta_monthly.tsv
1908	8	NA	NA	NA	month	27.77	orig=2777C(e-2)|DSFLAG=J|file=GHCN_v4_qcf_GHCN_BMXLT414882_188701-194012_ta_monthly.tsv
1908	9	NA	NA	NA	month	27.62	orig=2762C(e-2)|DSFLAG=J|file=GHCN_v4_qcf_GHCN_BMXLT414882_188701-194012_ta_monthly.tsv
1908	10	NA	NA	NA	month	25.72	orig=2572C(e-2)|DSFLAG=J|file=GHCN_v4_qcf_GHCN_BMXLT414882_188701-194012_ta_monthly.tsv
1908	11	NA	NA	NA	month	20.22	orig=2022C(e-2)|DSFLAG=J|file=GHCN_v4_qcf_GHCN_BMXLT414882_188701-194012_ta_monthly.tsv
1908	12	NA	NA	NA	month	16.37	orig=1637C(e-2)|DSFLAG=J|file=GHCN_v4_qcf_GHCN_BMXLT414882_188701-194012_ta_monthly.tsv
1909	1	NA	NA	NA	month	16.52	orig=1652C(e-2)|DSFLAG=J|file=GHCN_v4_qcf_GHCN_BMXLT414882_188701-194012_ta_monthly.tsv
1909	2	NA	NA	NA	month	18.71	orig=1871C(e-2)|DSFLAG=J|file=GHCN_v4_qcf_GHCN_BMXLT414882_188701-194012_ta_monthly.tsv
1909	3	NA	NA	NA	month	23.77	orig=2377C(e-2)|DSFLAG=J|file=GHCN_v4_qcf_GHCN_BMXLT414882_188701-194012_ta_monthly.tsv
1909	4	NA	NA	NA	month	25.87	orig=2587C(e-2)|DSFLAG=J|file=GHCN_v4_qcf_GHCN_BMXLT414882_188701-194012_ta_monthly.tsv
1909	5	NA	NA	NA	month	27.67	orig=2767C(e-2)|DSFLAG=J|file=GHCN_v4_qcf_GHCN_BMXLT414882_188701-194012_ta_monthly.tsv
1909	6	NA	NA	NA	month	27.82	orig=2782C(e-2)|DSFLAG=J|file=GHCN_v4_qcf_GHCN_BMXLT414882_188701-194012_ta_monthly.tsv
1909	7	NA	NA	NA	month	27.77	orig=2777C(e-2)|DSFLAG=J|file=GHCN_v4_qcf_GHCN_BMXLT414882_188701-194012_ta_monthly.tsv
1909	8	NA	NA	NA	month	26.57	orig=2657C(e-2)|DSFLAG=J|file=GHCN_v4_qcf_GHCN_BMXLT414882_188701-194012_ta_monthly.tsv
1909	9	NA	NA	NA	month	28.17	orig=2817C(e-2)|DSFLAG=J|file=GHCN_v4_qcf_GHCN_BMXLT414882_188701-194012_ta_monthly.tsv
1909	10	NA	NA	NA	month	26.67	orig=2667C(e-2)|DSFLAG=J|file=GHCN_v4_qcf_GHCN_BMXLT414882_188701-194012_ta_monthly.tsv
1909	11	NA	NA	NA	month	21.27	orig=2127C(e-2)|DSFLAG=J|file=GHCN_v4_qcf_GHCN_BMXLT414882_188701-194012_ta_monthly.tsv
1909	12	NA	NA	NA	month	16.82	orig=1682C(e-2)|DSFLAG=J|file=GHCN_v4_qcf_GHCN_BMXLT414882_188701-194012_ta_monthly.tsv
1910	1	NA	NA	NA	month	15.27	orig=1527C(e-2)|DSFLAG=J|file=GHCN_v4_qcf_GHCN_BMXLT414882_188701-194012_ta_monthly.tsv
1910	2	NA	NA	NA	month	18.47	orig=1847C(e-2)|DSFLAG=J|file=GHCN_v4_qcf_GHCN_BMXLT414882_188701-194012_ta_monthly.tsv
1910	3	NA	NA	NA	month	22.82	orig=2282C(e-2)|DSFLAG=J|file=GHCN_v4_qcf_GHCN_BMXLT414882_188701-194012_ta_monthly.tsv
1910	4	NA	NA	NA	month	25.67	orig=2567C(e-2)|DSFLAG=J|file=GHCN_v4_qcf_GHCN_BMXLT414882_188701-194012_ta_monthly.tsv
1910	5	NA	NA	NA	month	27.67	orig=2767C(e-2)|DSFLAG=J|file=GHCN_v4_qcf_GHCN_BMXLT414882_188701-194012_ta_monthly.tsv
1910	6	NA	NA	NA	month	26.62	orig=2662C(e-2)|DSFLAG=J|file=GHCN_v4_qcf_GHCN_BMXLT414882_188701-194012_ta_monthly.tsv
1910	7	NA	NA	NA	month	26.46	orig=2646C(e-2)|DSFLAG=J|file=GHCN_v4_qcf_GHCN_BMXLT414882_188701-194012_ta_monthly.tsv
1910	8	NA	NA	NA	month	27.27	orig=2727C(e-2)|DSFLAG=J|file=GHCN_v4_qcf_GHCN_BMXLT414882_188701-194012_ta_monthly.tsv
1910	9	NA	NA	NA	month	28.07	orig=2807C(e-2)|DSFLAG=J|file=GHCN_v4_qcf_GHCN_BMXLT414882_188701-194012_ta_monthly.tsv
1910	10	NA	NA	NA	month	25.22	orig=2522C(e-2)|DSFLAG=J|file=GHCN_v4_qcf_GHCN_BMXLT414882_188701-194012_ta_monthly.tsv
1910	11	NA	NA	NA	month	21.21	orig=2121C(e-2)|DSFLAG=J|file=GHCN_v4_qcf_GHCN_BMXLT414882_188701-194012_ta_monthly.tsv
1910	12	NA	NA	NA	month	17.16	orig=1716C(e-2)|DSFLAG=J|file=GHCN_v4_qcf_GHCN_BMXLT414882_188701-194012_ta_monthly.tsv
1911	1	NA	NA	NA	month	16.96	orig=1696C(e-2)|DSFLAG=J|file=GHCN_v4_qcf_GHCN_BMXLT414882_188701-194012_ta_monthly.tsv
1911	2	NA	NA	NA	month	17.57	orig=1757C(e-2)|DSFLAG=J|file=GHCN_v4_qcf_GHCN_BMXLT414882_188701-194012_ta_monthly.tsv
1911	3	NA	NA	NA	month	22.42	orig=2242C(e-2)|DSFLAG=J|file=GHCN_v4_qcf_GHCN_BMXLT414882_188701-194012_ta_monthly.tsv
1911	4	NA	NA	NA	month	25.32	orig=2532C(e-2)|DSFLAG=J|file=GHCN_v4_qcf_GHCN_BMXLT414882_188701-194012_ta_monthly.tsv
1911	5	NA	NA	NA	month	27.27	orig=2727C(e-2)|DSFLAG=J|file=GHCN_v4_qcf_GHCN_BMXLT414882_188701-194012_ta_monthly.tsv
1911	6	NA	NA	NA	month	26.46	orig=2646C(e-2)|DSFLAG=J|file=GHCN_v4_qcf_GHCN_BMXLT414882_188701-194012_ta_monthly.tsv
1911	7	NA	NA	NA	month	26.72	orig=2672C(e-2)|DSFLAG=J|file=GHCN_v4_qcf_GHCN_BMXLT414882_188701-194012_ta_monthly.tsv
1911	8	NA	NA	NA	month	26.67	orig=2667C(e-2)|DSFLAG=J|file=GHCN_v4_qcf_GHCN_BMXLT414882_188701-194012_ta_monthly.tsv
1911	9	NA	NA	NA	month	27.37	orig=2737C(e-2)|DSFLAG=J|file=GHCN_v4_qcf_GHCN_BMXLT414882_188701-194012_ta_monthly.tsv
1911	10	NA	NA	NA	month	24.77	orig=2477C(e-2)|DSFLAG=J|file=GHCN_v4_qcf_GHCN_BMXLT414882_188701-194012_ta_monthly.tsv
1911	11	NA	NA	NA	month	20.82	orig=2082C(e-2)|DSFLAG=J|file=GHCN_v4_qcf_GHCN_BMXLT414882_188701-194012_ta_monthly.tsv
1911	12	NA	NA	NA	month	17.52	orig=1752C(e-2)|DSFLAG=J|file=GHCN_v4_qcf_GHCN_BMXLT414882_188701-194012_ta_monthly.tsv
1912	1	NA	NA	NA	month	16.97	orig=1697C(e-2)|DSFLAG=J|file=GHCN_v4_qcf_GHCN_BMXLT414882_188701-194012_ta_monthly.tsv
1912	2	NA	NA	NA	month	19.07	orig=1907C(e-2)|DSFLAG=J|file=GHCN_v4_qcf_GHCN_BMXLT414882_188701-194012_ta_monthly.tsv
1912	3	NA	NA	NA	month	22.82	orig=2282C(e-2)|DSFLAG=J|file=GHCN_v4_qcf_GHCN_BMXLT414882_188701-194012_ta_monthly.tsv
1912	4	NA	NA	NA	month	24.92	orig=2492C(e-2)|DSFLAG=J|file=GHCN_v4_qcf_GHCN_BMXLT414882_188701-194012_ta_monthly.tsv
1912	5	NA	NA	NA	month	27.71	orig=2771C(e-2)|DSFLAG=J|file=GHCN_v4_qcf_GHCN_BMXLT414882_188701-194012_ta_monthly.tsv
1912	6	NA	NA	NA	month	28.17	orig=2817C(e-2)|DSFLAG=J|file=GHCN_v4_qcf_GHCN_BMXLT414882_188701-194012_ta_monthly.tsv
1912	7	NA	NA	NA	month	27.32	orig=2732C(e-2)|DSFLAG=J|file=GHCN_v4_qcf_GHCN_BMXLT414882_188701-194012_ta_monthly.tsv
1912	8	NA	NA	NA	month	27.12	orig=2712C(e-2)|DSFLAG=J|file=GHCN_v4_qcf_GHCN_BMXLT414882_188701-194012_ta_monthly.tsv
1912	9	NA	NA	NA	month	26.82	orig=2682C(e-2)|DSFLAG=J|file=GHCN_v4_qcf_GHCN_BMXLT414882_188701-194012_ta_monthly.tsv
1912	10	NA	NA	NA	month	24.77	orig=2477C(e-2)|DSFLAG=J|file=GHCN_v4_qcf_GHCN_BMXLT414882_188701-194012_ta_monthly.tsv
1912	11	NA	NA	NA	month	21.92	orig=2192C(e-2)|DSFLAG=J|file=GHCN_v4_qcf_GHCN_BMXLT414882_188701-194012_ta_monthly.tsv
1912	12	NA	NA	NA	month	17.07	orig=1707C(e-2)|DSFLAG=J|file=GHCN_v4_qcf_GHCN_BMXLT414882_188701-194012_ta_monthly.tsv
1913	1	NA	NA	NA	month	16.37	orig=1637C(e-2)|DSFLAG=J|file=GHCN_v4_qcf_GHCN_BMXLT414882_188701-194012_ta_monthly.tsv
1913	2	NA	NA	NA	month	19.02	orig=1902C(e-2)|DSFLAG=J|file=GHCN_v4_qcf_GHCN_BMXLT414882_188701-194012_ta_monthly.tsv
1913	3	NA	NA	NA	month	21.72	orig=2172C(e-2)|DSFLAG=J|file=GHCN_v4_qcf_GHCN_BMXLT414882_188701-194012_ta_monthly.tsv
1913	4	NA	NA	NA	month	26.37	orig=2637C(e-2)|DSFLAG=J|file=GHCN_v4_qcf_GHCN_BMXLT414882_188701-194012_ta_monthly.tsv
1913	5	NA	NA	NA	month	27.77	orig=2777C(e-2)|DSFLAG=J|file=GHCN_v4_qcf_GHCN_BMXLT414882_188701-194012_ta_monthly.tsv
1913	6	NA	NA	NA	month	26.92	orig=2692C(e-2)|DSFLAG=J|file=GHCN_v4_qcf_GHCN_BMXLT414882_188701-194012_ta_monthly.tsv
1913	7	NA	NA	NA	month	27.71	orig=2771C(e-2)|DSFLAG=J|file=GHCN_v4_qcf_GHCN_BMXLT414882_188701-194012_ta_monthly.tsv
1913	8	NA	NA	NA	month	27.07	orig=2707C(e-2)|DSFLAG=J|file=GHCN_v4_qcf_GHCN_BMXLT414882_188701-194012_ta_monthly.tsv
1913	9	NA	NA	NA	month	27.22	orig=2722C(e-2)|DSFLAG=J|file=GHCN_v4_qcf_GHCN_BMXLT414882_188701-194012_ta_monthly.tsv
1913	10	NA	NA	NA	month	25.82	orig=2582C(e-2)|DSFLAG=J|file=GHCN_v4_qcf_GHCN_BMXLT414882_188701-194012_ta_monthly.tsv
1913	11	NA	NA	NA	month	20.32	orig=2032C(e-2)|DSFLAG=J|file=GHCN_v4_qcf_GHCN_BMXLT414882_188701-194012_ta_monthly.tsv
1913	12	NA	NA	NA	month	17.27	orig=1727C(e-2)|DSFLAG=J|file=GHCN_v4_qcf_GHCN_BMXLT414882_188701-194012_ta_monthly.tsv
1914	1	NA	NA	NA	month	16.07	orig=1607C(e-2)|DSFLAG=J|file=GHCN_v4_qcf_GHCN_BMXLT414882_188701-194012_ta_monthly.tsv
1914	2	NA	NA	NA	month	19.41	orig=1941C(e-2)|DSFLAG=J|file=GHCN_v4_qcf_GHCN_BMXLT414882_188701-194012_ta_monthly.tsv
1914	3	NA	NA	NA	month	22.87	orig=2287C(e-2)|DSFLAG=J|file=GHCN_v4_qcf_GHCN_BMXLT414882_188701-194012_ta_monthly.tsv
1914	4	NA	NA	NA	month	25.37	orig=2537C(e-2)|DSFLAG=J|file=GHCN_v4_qcf_GHCN_BMXLT414882_188701-194012_ta_monthly.tsv
1914	5	NA	NA	NA	month	27.87	orig=2787C(e-2)|DSFLAG=J|file=GHCN_v4_qcf_GHCN_BMXLT414882_188701-194012_ta_monthly.tsv
1914	6	NA	NA	NA	month	27.12	orig=2712C(e-2)|DSFLAG=J|file=GHCN_v4_qcf_GHCN_BMXLT414882_188701-194012_ta_monthly.tsv
1914	7	NA	NA	NA	month	27.71	orig=2771C(e-2)|DSFLAG=J|file=GHCN_v4_qcf_GHCN_BMXLT414882_188701-194012_ta_monthly.tsv
1914	8	NA	NA	NA	month	26.92	orig=2692C(e-2)|DSFLAG=J|file=GHCN_v4_qcf_GHCN_BMXLT414882_188701-194012_ta_monthly.tsv
1914	9	NA	NA	NA	month	27.02	orig=2702C(e-2)|DSFLAG=J|file=GHCN_v4_qcf_GHCN_BMXLT414882_188701-194012_ta_monthly.tsv
1914	10	NA	NA	NA	month	23.37	orig=2337C(e-2)|DSFLAG=J|file=GHCN_v4_qcf_GHCN_BMXLT414882_188701-194012_ta_monthly.tsv
1914	11	NA	NA	NA	month	20.57	orig=2057C(e-2)|DSFLAG=J|file=GHCN_v4_qcf_GHCN_BMXLT414882_188701-194012_ta_monthly.tsv
1914	12	NA	NA	NA	month	17.41	orig=1741C(e-2)|DSFLAG=J|file=GHCN_v4_qcf_GHCN_BMXLT414882_188701-194012_ta_monthly.tsv
1915	1	NA	NA	NA	month	16.91	orig=1691C(e-2)|DSFLAG=J|file=GHCN_v4_qcf_GHCN_BMXLT414882_188701-194012_ta_monthly.tsv
1915	2	NA	NA	NA	month	19.47	orig=1947C(e-2)|DSFLAG=J|file=GHCN_v4_qcf_GHCN_BMXLT414882_188701-194012_ta_monthly.tsv
1915	3	NA	NA	NA	month	22.37	orig=2237C(e-2)|DSFLAG=J|file=GHCN_v4_qcf_GHCN_BMXLT414882_188701-194012_ta_monthly.tsv
1915	4	NA	NA	NA	month	26.07	orig=2607C(e-2)|DSFLAG=J|file=GHCN_v4_qcf_GHCN_BMXLT414882_188701-194012_ta_monthly.tsv
1915	5	NA	NA	NA	month	26.52	orig=2652C(e-2)|DSFLAG=J|file=GHCN_v4_qcf_GHCN_BMXLT414882_188701-194012_ta_monthly.tsv
1915	6	NA	NA	NA	month	27.27	orig=2727C(e-2)|DSFLAG=J|file=GHCN_v4_qcf_GHCN_BMXLT414882_188701-194012_ta_monthly.tsv
1915	7	NA	NA	NA	month	27.32	orig=2732C(e-2)|DSFLAG=J|file=GHCN_v4_qcf_GHCN_BMXLT414882_188701-194012_ta_monthly.tsv
1915	8	NA	NA	NA	month	27.27	orig=2727C(e-2)|DSFLAG=J|file=GHCN_v4_qcf_GHCN_BMXLT414882_188701-194012_ta_monthly.tsv
1915	9	NA	NA	NA	month	27.07	orig=2707C(e-2)|DSFLAG=J|file=GHCN_v4_qcf_GHCN_BMXLT414882_188701-194012_ta_monthly.tsv
1915	10	NA	NA	NA	month	27.37	orig=2737C(e-2)|DSFLAG=J|file=GHCN_v4_qcf_GHCN_BMXLT414882_188701-194012_ta_monthly.tsv
1915	11	NA	NA	NA	month	22.71	orig=2271C(e-2)|DSFLAG=J|file=GHCN_v4_qcf_GHCN_BMXLT414882_188701-194012_ta_monthly.tsv
1915	12	NA	NA	NA	month	17.62	orig=1762C(e-2)|DSFLAG=J|file=GHCN_v4_qcf_GHCN_BMXLT414882_188701-194012_ta_monthly.tsv
1916	1	NA	NA	NA	month	16.16	orig=1616C(e-2)|DSFLAG=J|file=GHCN_v4_qcf_GHCN_BMXLT414882_188701-194012_ta_monthly.tsv
1916	2	NA	NA	NA	month	19.22	orig=1922C(e-2)|DSFLAG=J|file=GHCN_v4_qcf_GHCN_BMXLT414882_188701-194012_ta_monthly.tsv
1916	3	NA	NA	NA	month	23.77	orig=2377C(e-2)|DSFLAG=J|file=GHCN_v4_qcf_GHCN_BMXLT414882_188701-194012_ta_monthly.tsv
1916	4	NA	NA	NA	month	25.82	orig=2582C(e-2)|DSFLAG=J|file=GHCN_v4_qcf_GHCN_BMXLT414882_188701-194012_ta_monthly.tsv
1916	5	NA	NA	NA	month	28.62	orig=2862C(e-2)|DSFLAG=J|file=GHCN_v4_qcf_GHCN_BMXLT414882_188701-194012_ta_monthly.tsv
1916	6	NA	NA	NA	month	27.96	orig=2796C(e-2)|DSFLAG=J|file=GHCN_v4_qcf_GHCN_BMXLT414882_188701-194012_ta_monthly.tsv
1916	7	NA	NA	NA	month	27.12	orig=2712C(e-2)|DSFLAG=J|file=GHCN_v4_qcf_GHCN_BMXLT414882_188701-194012_ta_monthly.tsv
1916	8	NA	NA	NA	month	27.07	orig=2707C(e-2)|DSFLAG=J|file=GHCN_v4_qcf_GHCN_BMXLT414882_188701-194012_ta_monthly.tsv
1916	9	NA	NA	NA	month	27.42	orig=2742C(e-2)|DSFLAG=J|file=GHCN_v4_qcf_GHCN_BMXLT414882_188701-194012_ta_monthly.tsv
1916	10	NA	NA	NA	month	24.52	orig=2452C(e-2)|DSFLAG=J|file=GHCN_v4_qcf_GHCN_BMXLT414882_188701-194012_ta_monthly.tsv
1916	11	NA	NA	NA	month	21.62	orig=2162C(e-2)|DSFLAG=J|file=GHCN_v4_qcf_GHCN_BMXLT414882_188701-194012_ta_monthly.tsv
1916	12	NA	NA	NA	month	16.57	orig=1657C(e-2)|DSFLAG=J|file=GHCN_v4_qcf_GHCN_BMXLT414882_188701-194012_ta_monthly.tsv
1917	1	NA	NA	NA	month	16.02	orig=1602C(e-2)|DSFLAG=J|file=GHCN_v4_qcf_GHCN_BMXLT414882_188701-194012_ta_monthly.tsv
1917	2	NA	NA	NA	month	18.02	orig=1802C(e-2)|DSFLAG=J|file=GHCN_v4_qcf_GHCN_BMXLT414882_188701-194012_ta_monthly.tsv
1917	3	NA	NA	NA	month	21.77	orig=2177C(e-2)|DSFLAG=J|file=GHCN_v4_qcf_GHCN_BMXLT414882_188701-194012_ta_monthly.tsv
1917	4	NA	NA	NA	month	24.42	orig=2442C(e-2)|DSFLAG=J|file=GHCN_v4_qcf_GHCN_BMXLT414882_188701-194012_ta_monthly.tsv
1917	5	NA	NA	NA	month	27.77	orig=2777C(e-2)|DSFLAG=J|file=GHCN_v4_qcf_GHCN_BMXLT414882_188701-194012_ta_monthly.tsv
1917	6	NA	NA	NA	month	27.07	orig=2707C(e-2)|DSFLAG=J|file=GHCN_v4_qcf_GHCN_BMXLT414882_188701-194012_ta_monthly.tsv
1917	7	NA	NA	NA	month	26.87	orig=2687C(e-2)|DSFLAG=J|file=GHCN_v4_qcf_GHCN_BMXLT414882_188701-194012_ta_monthly.tsv
1917	8	NA	NA	NA	month	27.22	orig=2722C(e-2)|DSFLAG=J|file=GHCN_v4_qcf_GHCN_BMXLT414882_188701-194012_ta_monthly.tsv
1917	9	NA	NA	NA	month	26.67	orig=2667C(e-2)|DSFLAG=J|file=GHCN_v4_qcf_GHCN_BMXLT414882_188701-194012_ta_monthly.tsv
1917	10	NA	NA	NA	month	25.46	orig=2546C(e-2)|DSFLAG=J|file=GHCN_v4_qcf_GHCN_BMXLT414882_188701-194012_ta_monthly.tsv
1917	11	NA	NA	NA	month	22.57	orig=2257C(e-2)|DSFLAG=J|file=GHCN_v4_qcf_GHCN_BMXLT414882_188701-194012_ta_monthly.tsv
1917	12	NA	NA	NA	month	16.41	orig=1641C(e-2)|DSFLAG=J|file=GHCN_v4_qcf_GHCN_BMXLT414882_188701-194012_ta_monthly.tsv
1918	1	NA	NA	NA	month	15.62	orig=1562C(e-2)|DSFLAG=J|file=GHCN_v4_qcf_GHCN_BMXLT414882_188701-194012_ta_monthly.tsv
1918	2	NA	NA	NA	month	18.57	orig=1857C(e-2)|DSFLAG=J|file=GHCN_v4_qcf_GHCN_BMXLT414882_188701-194012_ta_monthly.tsv
1918	3	NA	NA	NA	month	22.52	orig=2252C(e-2)|DSFLAG=J|file=GHCN_v4_qcf_GHCN_BMXLT414882_188701-194012_ta_monthly.tsv
1918	4	NA	NA	NA	month	24.87	orig=2487C(e-2)|DSFLAG=J|file=GHCN_v4_qcf_GHCN_BMXLT414882_188701-194012_ta_monthly.tsv
1918	5	NA	NA	NA	month	25.25	Orig.vbl=Tx,Tn|file=BERKELEY_EARTH-ColonialEraWeatherArchive_BE-6219_188701-194009_ta_monthly.tsv
1918	6	NA	NA	NA	month	25.97	orig=2597C(e-2)|DSFLAG=J|file=GHCN_v4_qcf_GHCN_BMXLT414882_188701-194012_ta_monthly.tsv
1918	7	NA	NA	NA	month	26.87	orig=2687C(e-2)|DSFLAG=J|file=GHCN_v4_qcf_GHCN_BMXLT414882_188701-194012_ta_monthly.tsv
1918	8	NA	NA	NA	month	26.32	orig=2632C(e-2)|DSFLAG=J|file=GHCN_v4_qcf_GHCN_BMXLT414882_188701-194012_ta_monthly.tsv
1918	9	NA	NA	NA	month	26.87	orig=2687C(e-2)|DSFLAG=J|file=GHCN_v4_qcf_GHCN_BMXLT414882_188701-194012_ta_monthly.tsv
1918	10	NA	NA	NA	month	24.82	orig=2482C(e-2)|DSFLAG=J|file=GHCN_v4_qcf_GHCN_BMXLT414882_188701-194012_ta_monthly.tsv
1918	11	NA	NA	NA	month	19.77	orig=1977C(e-2)|DSFLAG=J|file=GHCN_v4_qcf_GHCN_BMXLT414882_188701-194012_ta_monthly.tsv
1918	12	NA	NA	NA	month	16.87	orig=1687C(e-2)|DSFLAG=J|file=GHCN_v4_qcf_GHCN_BMXLT414882_188701-194012_ta_monthly.tsv
1919	1	NA	NA	NA	month	16.72	orig=1672C(e-2)|DSFLAG=J|file=GHCN_v4_qcf_GHCN_BMXLT414882_188701-194012_ta_monthly.tsv
1919	2	NA	NA	NA	month	18.47	orig=1847C(e-2)|DSFLAG=J|file=GHCN_v4_qcf_GHCN_BMXLT414882_188701-194012_ta_monthly.tsv
1919	3	NA	NA	NA	month	22.12	orig=2212C(e-2)|DSFLAG=J|file=GHCN_v4_qcf_GHCN_BMXLT414882_188701-194012_ta_monthly.tsv
1919	4	NA	NA	NA	month	25.87	orig=2587C(e-2)|DSFLAG=J|file=GHCN_v4_qcf_GHCN_BMXLT414882_188701-194012_ta_monthly.tsv
1919	5	NA	NA	NA	month	28.07	orig=2807C(e-2)|DSFLAG=J|file=GHCN_v4_qcf_GHCN_BMXLT414882_188701-194012_ta_monthly.tsv
1919	6	NA	NA	NA	month	27.87	orig=2787C(e-2)|DSFLAG=J|file=GHCN_v4_qcf_GHCN_BMXLT414882_188701-194012_ta_monthly.tsv
1919	7	NA	NA	NA	month	26.25	Orig.vbl=Tx,Tn|file=BERKELEY_EARTH-ColonialEraWeatherArchive_BE-6219_188701-194009_ta_monthly.tsv
1919	8	NA	NA	NA	month	27.52	orig=2752C(e-2)|DSFLAG=J|file=GHCN_v4_qcf_GHCN_BMXLT414882_188701-194012_ta_monthly.tsv
1919	9	NA	NA	NA	month	25.92	orig=2592C(e-2)|DSFLAG=J|file=GHCN_v4_qcf_GHCN_BMXLT414882_188701-194012_ta_monthly.tsv
1919	10	NA	NA	NA	month	25.5	orig=2550C(e-2)|DSFLAG=J|file=GHCN_v4_qcf_GHCN_BMXLT414882_188701-194012_ta_monthly.tsv
1919	11	NA	NA	NA	month	21.69	orig=2169C(e-2)|DSFLAG=J|file=GHCN_v4_qcf_GHCN_BMXLT414882_188701-194012_ta_monthly.tsv
1919	12	NA	NA	NA	month	17.5	orig=1750C(e-2)|DSFLAG=J|file=GHCN_v4_qcf_GHCN_BMXLT414882_188701-194012_ta_monthly.tsv
1920	1	NA	NA	NA	month	17.19	orig=1719C(e-2)|DSFLAG=J|file=GHCN_v4_qcf_GHCN_BMXLT414882_188701-194012_ta_monthly.tsv
1920	2	NA	NA	NA	month	18.6	orig=1860C(e-2)|DSFLAG=J|file=GHCN_v4_qcf_GHCN_BMXLT414882_188701-194012_ta_monthly.tsv
1920	3	NA	NA	NA	month	23.1	orig=2310C(e-2)|DSFLAG=J|file=GHCN_v4_qcf_GHCN_BMXLT414882_188701-194012_ta_monthly.tsv
1920	4	NA	NA	NA	month	25.6	orig=2560C(e-2)|DSFLAG=J|file=GHCN_v4_qcf_GHCN_BMXLT414882_188701-194012_ta_monthly.tsv
1920	5	NA	NA	NA	month	27.7	orig=2770C(e-2)|DSFLAG=J|file=GHCN_v4_qcf_GHCN_BMXLT414882_188701-194012_ta_monthly.tsv
1920	6	NA	NA	NA	month	28.35	orig=2835C(e-2)|DSFLAG=J|file=GHCN_v4_qcf_GHCN_BMXLT414882_188701-194012_ta_monthly.tsv
1920	7	NA	NA	NA	month	27.65	orig=2765C(e-2)|DSFLAG=J|file=GHCN_v4_qcf_GHCN_BMXLT414882_188701-194012_ta_monthly.tsv
1920	8	NA	NA	NA	month	26.7	orig=2670C(e-2)|DSFLAG=J|file=GHCN_v4_qcf_GHCN_BMXLT414882_188701-194012_ta_monthly.tsv
1920	9	NA	NA	NA	month	27.1	orig=2710C(e-2)|DSFLAG=J|file=GHCN_v4_qcf_GHCN_BMXLT414882_188701-194012_ta_monthly.tsv
1920	10	NA	NA	NA	month	25.44	orig=2544C(e-2)|DSFLAG=J|file=GHCN_v4_qcf_GHCN_BMXLT414882_188701-194012_ta_monthly.tsv
1920	11	NA	NA	NA	month	20.45	orig=2045C(e-2)|DSFLAG=J|file=GHCN_v4_qcf_GHCN_BMXLT414882_188701-194012_ta_monthly.tsv
1920	12	NA	NA	NA	month	18.05	orig=1805C(e-2)|DSFLAG=J|file=GHCN_v4_qcf_GHCN_BMXLT414882_188701-194012_ta_monthly.tsv
1921	1	NA	NA	NA	month	17.2	orig=1720C(e-2)|DSFLAG=J|file=GHCN_v4_qcf_GHCN_BMXLT414882_188701-194012_ta_monthly.tsv
1921	2	NA	NA	NA	month	18.14	orig=1814C(e-2)|DSFLAG=J|file=GHCN_v4_qcf_GHCN_BMXLT414882_188701-194012_ta_monthly.tsv
1921	3	NA	NA	NA	month	23.19	orig=2319C(e-2)|DSFLAG=J|file=GHCN_v4_qcf_GHCN_BMXLT414882_188701-194012_ta_monthly.tsv
1921	4	NA	NA	NA	month	26.69	orig=2669C(e-2)|DSFLAG=J|file=GHCN_v4_qcf_GHCN_BMXLT414882_188701-194012_ta_monthly.tsv
1921	5	NA	NA	NA	month	28.4	orig=2840C(e-2)|DSFLAG=J|file=GHCN_v4_qcf_GHCN_BMXLT414882_188701-194012_ta_monthly.tsv
1921	6	NA	NA	NA	month	27.44	orig=2744C(e-2)|DSFLAG=J|file=GHCN_v4_qcf_GHCN_BMXLT414882_188701-194012_ta_monthly.tsv
1921	7	NA	NA	NA	month	27.19	orig=2719C(e-2)|DSFLAG=J|file=GHCN_v4_qcf_GHCN_BMXLT414882_188701-194012_ta_monthly.tsv
1921	8	NA	NA	NA	month	27	orig=2700C(e-2)|DSFLAG=J|file=GHCN_v4_qcf_GHCN_BMXLT414882_188701-194012_ta_monthly.tsv
1921	9	NA	NA	NA	month	27.4	orig=2740C(e-2)|DSFLAG=J|file=GHCN_v4_qcf_GHCN_BMXLT414882_188701-194012_ta_monthly.tsv
1921	10	NA	NA	NA	month	25.1	orig=2510C(e-2)|DSFLAG=J|file=GHCN_v4_qcf_GHCN_BMXLT414882_188701-194012_ta_monthly.tsv
1921	11	NA	NA	NA	month	21.25	orig=2125C(e-2)|DSFLAG=J|file=GHCN_v4_qcf_GHCN_BMXLT414882_188701-194012_ta_monthly.tsv
1921	12	NA	NA	NA	month	17.64	orig=1764C(e-2)|DSFLAG=J|file=GHCN_v4_qcf_GHCN_BMXLT414882_188701-194012_ta_monthly.tsv
1922	1	NA	NA	NA	month	16.8	orig=1680C(e-2)|DSFLAG=J|file=GHCN_v4_qcf_GHCN_BMXLT414882_188701-194012_ta_monthly.tsv
1922	2	NA	NA	NA	month	18.8	orig=1880C(e-2)|DSFLAG=J|file=GHCN_v4_qcf_GHCN_BMXLT414882_188701-194012_ta_monthly.tsv
1922	3	NA	NA	NA	month	23.55	orig=2355C(e-2)|DSFLAG=J|file=GHCN_v4_qcf_GHCN_BMXLT414882_188701-194012_ta_monthly.tsv
1922	4	NA	NA	NA	month	26.25	orig=2625C(e-2)|DSFLAG=J|file=GHCN_v4_qcf_GHCN_BMXLT414882_188701-194012_ta_monthly.tsv
1922	5	NA	NA	NA	month	30.9	Orig.vbl=Tx,Tn|file=BERKELEY_EARTH-ColonialEraWeatherArchive_BE-6219_188701-194009_ta_monthly.tsv
1922	6	NA	NA	NA	month	27.65	orig=2765C(e-2)|DSFLAG=J|file=GHCN_v4_qcf_GHCN_BMXLT414882_188701-194012_ta_monthly.tsv
1922	7	NA	NA	NA	month	26.94	orig=2694C(e-2)|DSFLAG=J|file=GHCN_v4_qcf_GHCN_BMXLT414882_188701-194012_ta_monthly.tsv
1922	8	NA	NA	NA	month	27	orig=2700C(e-2)|DSFLAG=J|file=GHCN_v4_qcf_GHCN_BMXLT414882_188701-194012_ta_monthly.tsv
1922	9	NA	NA	NA	month	28.1	orig=2810C(e-2)|DSFLAG=J|file=GHCN_v4_qcf_GHCN_BMXLT414882_188701-194012_ta_monthly.tsv
1922	10	NA	NA	NA	month	25.15	orig=2515C(e-2)|DSFLAG=J|file=GHCN_v4_qcf_GHCN_BMXLT414882_188701-194012_ta_monthly.tsv
1922	11	NA	NA	NA	month	21.65	orig=2165C(e-2)|DSFLAG=J|file=GHCN_v4_qcf_GHCN_BMXLT414882_188701-194012_ta_monthly.tsv
1922	12	NA	NA	NA	month	17.64	orig=1764C(e-2)|DSFLAG=J|file=GHCN_v4_qcf_GHCN_BMXLT414882_188701-194012_ta_monthly.tsv
1923	1	NA	NA	NA	month	16.89	orig=1689C(e-2)|DSFLAG=J|file=GHCN_v4_qcf_GHCN_BMXLT414882_188701-194012_ta_monthly.tsv
1923	2	NA	NA	NA	month	19.55	orig=1955C(e-2)|DSFLAG=J|file=GHCN_v4_qcf_GHCN_BMXLT414882_188701-194012_ta_monthly.tsv
1923	3	NA	NA	NA	month	23.65	orig=2365C(e-2)|DSFLAG=J|file=GHCN_v4_qcf_GHCN_BMXLT414882_188701-194012_ta_monthly.tsv
1923	4	NA	NA	NA	month	25.45	orig=2545C(e-2)|DSFLAG=J|file=GHCN_v4_qcf_GHCN_BMXLT414882_188701-194012_ta_monthly.tsv
1923	5	NA	NA	NA	month	27.25	orig=2725C(e-2)|DSFLAG=J|file=GHCN_v4_qcf_GHCN_BMXLT414882_188701-194012_ta_monthly.tsv
1923	6	NA	NA	NA	month	27.75	orig=2775C(e-2)|DSFLAG=J|file=GHCN_v4_qcf_GHCN_BMXLT414882_188701-194012_ta_monthly.tsv
1923	7	NA	NA	NA	month	27.19	orig=2719C(e-2)|DSFLAG=J|file=GHCN_v4_qcf_GHCN_BMXLT414882_188701-194012_ta_monthly.tsv
1923	8	NA	NA	NA	month	27.1	orig=2710C(e-2)|DSFLAG=J|file=GHCN_v4_qcf_GHCN_BMXLT414882_188701-194012_ta_monthly.tsv
1923	9	NA	NA	NA	month	26.85	orig=2685C(e-2)|DSFLAG=J|file=GHCN_v4_qcf_GHCN_BMXLT414882_188701-194012_ta_monthly.tsv
1923	10	NA	NA	NA	month	24.8	orig=2480C(e-2)|DSFLAG=J|file=GHCN_v4_qcf_GHCN_BMXLT414882_188701-194012_ta_monthly.tsv
1923	11	NA	NA	NA	month	21.95	orig=2195C(e-2)|DSFLAG=J|file=GHCN_v4_qcf_GHCN_BMXLT414882_188701-194012_ta_monthly.tsv
1923	12	NA	NA	NA	month	17.89	orig=1789C(e-2)|DSFLAG=J|file=GHCN_v4_qcf_GHCN_BMXLT414882_188701-194012_ta_monthly.tsv
1924	1	NA	NA	NA	month	16.25	orig=1625C(e-2)|DSFLAG=J|file=GHCN_v4_qcf_GHCN_BMXLT414882_188701-194012_ta_monthly.tsv
1924	2	NA	NA	NA	month	19.25	orig=1925C(e-2)|DSFLAG=J|file=GHCN_v4_qcf_GHCN_BMXLT414882_188701-194012_ta_monthly.tsv
1924	3	NA	NA	NA	month	23.94	orig=2394C(e-2)|DSFLAG=J|file=GHCN_v4_qcf_GHCN_BMXLT414882_188701-194012_ta_monthly.tsv
1924	4	NA	NA	NA	month	27.05	orig=2705C(e-2)|DSFLAG=J|file=GHCN_v4_qcf_GHCN_BMXLT414882_188701-194012_ta_monthly.tsv
1924	5	NA	NA	NA	month	28.6	orig=2860C(e-2)|DSFLAG=J|file=GHCN_v4_qcf_GHCN_BMXLT414882_188701-194012_ta_monthly.tsv
1924	6	NA	NA	NA	month	27.9	orig=2790C(e-2)|DSFLAG=J|file=GHCN_v4_qcf_GHCN_BMXLT414882_188701-194012_ta_monthly.tsv
1924	7	NA	NA	NA	month	26.85	orig=2685C(e-2)|DSFLAG=J|file=GHCN_v4_qcf_GHCN_BMXLT414882_188701-194012_ta_monthly.tsv
1924	8	NA	NA	NA	month	27.1	orig=2710C(e-2)|DSFLAG=J|file=GHCN_v4_qcf_GHCN_BMXLT414882_188701-194012_ta_monthly.tsv
1924	9	NA	NA	NA	month	27	orig=2700C(e-2)|DSFLAG=J|file=GHCN_v4_qcf_GHCN_BMXLT414882_188701-194012_ta_monthly.tsv
1924	10	NA	NA	NA	month	25.85	orig=2585C(e-2)|DSFLAG=J|file=GHCN_v4_qcf_GHCN_BMXLT414882_188701-194012_ta_monthly.tsv
1924	11	NA	NA	NA	month	21.2	orig=2120C(e-2)|DSFLAG=J|file=GHCN_v4_qcf_GHCN_BMXLT414882_188701-194012_ta_monthly.tsv
1924	12	NA	NA	NA	month	16.95	orig=1695C(e-2)|DSFLAG=J|file=GHCN_v4_qcf_GHCN_BMXLT414882_188701-194012_ta_monthly.tsv
1925	1	NA	NA	NA	month	16.14	orig=1614C(e-2)|DSFLAG=J|file=GHCN_v4_qcf_GHCN_BMXLT414882_188701-194012_ta_monthly.tsv
1925	2	NA	NA	NA	month	19.1	orig=1910C(e-2)|DSFLAG=J|file=GHCN_v4_qcf_GHCN_BMXLT414882_188701-194012_ta_monthly.tsv
1925	3	NA	NA	NA	month	22.65	orig=2265C(e-2)|DSFLAG=J|file=GHCN_v4_qcf_GHCN_BMXLT414882_188701-194012_ta_monthly.tsv
1925	4	NA	NA	NA	month	24.9	orig=2490C(e-2)|DSFLAG=J|file=GHCN_v4_qcf_GHCN_BMXLT414882_188701-194012_ta_monthly.tsv
1925	5	NA	NA	NA	month	26.05	orig=2605C(e-2)|DSFLAG=J|file=GHCN_v4_qcf_GHCN_BMXLT414882_188701-194012_ta_monthly.tsv
1925	6	NA	NA	NA	month	27.15	orig=2715C(e-2)|DSFLAG=J|file=GHCN_v4_qcf_GHCN_BMXLT414882_188701-194012_ta_monthly.tsv
1925	7	NA	NA	NA	month	26.75	orig=2675C(e-2)|DSFLAG=J|file=GHCN_v4_qcf_GHCN_BMXLT414882_188701-194012_ta_monthly.tsv
1925	8	NA	NA	NA	month	27.1	orig=2710C(e-2)|DSFLAG=J|file=GHCN_v4_qcf_GHCN_BMXLT414882_188701-194012_ta_monthly.tsv
1925	9	NA	NA	NA	month	26.95	orig=2695C(e-2)|DSFLAG=J|file=GHCN_v4_qcf_GHCN_BMXLT414882_188701-194012_ta_monthly.tsv
1925	10	NA	NA	NA	month	24.4	orig=2440C(e-2)|DSFLAG=J|file=GHCN_v4_qcf_GHCN_BMXLT414882_188701-194012_ta_monthly.tsv
1925	11	NA	NA	NA	month	20.55	orig=2055C(e-2)|DSFLAG=J|file=GHCN_v4_qcf_GHCN_BMXLT414882_188701-194012_ta_monthly.tsv
1925	12	NA	NA	NA	month	16.44	orig=1644C(e-2)|DSFLAG=J|file=GHCN_v4_qcf_GHCN_BMXLT414882_188701-194012_ta_monthly.tsv
1926	1	NA	NA	NA	month	NA	NA
1926	2	NA	NA	NA	month	18.89	orig=1889C(e-2)|DSFLAG=J|file=GHCN_v4_qcf_GHCN_BMXLT414882_188701-194012_ta_monthly.tsv
1926	3	NA	NA	NA	month	22	orig=2200C(e-2)|DSFLAG=J|file=GHCN_v4_qcf_GHCN_BMXLT414882_188701-194012_ta_monthly.tsv
1926	4	NA	NA	NA	month	25.44	orig=2544C(e-2)|DSFLAG=J|file=GHCN_v4_qcf_GHCN_BMXLT414882_188701-194012_ta_monthly.tsv
1926	5	NA	NA	NA	month	27.6	orig=2760C(e-2)|DSFLAG=J|file=GHCN_v4_qcf_GHCN_BMXLT414882_188701-194012_ta_monthly.tsv
1926	6	NA	NA	NA	month	27.94	orig=2794C(e-2)|DSFLAG=J|file=GHCN_v4_qcf_GHCN_BMXLT414882_188701-194012_ta_monthly.tsv
1926	7	NA	NA	NA	month	27	orig=2700C(e-2)|DSFLAG=J|file=GHCN_v4_qcf_GHCN_BMXLT414882_188701-194012_ta_monthly.tsv
1926	8	NA	NA	NA	month	27.4	orig=2740C(e-2)|DSFLAG=J|file=GHCN_v4_qcf_GHCN_BMXLT414882_188701-194012_ta_monthly.tsv
1926	9	NA	NA	NA	month	27.7	orig=2770C(e-2)|DSFLAG=J|file=GHCN_v4_qcf_GHCN_BMXLT414882_188701-194012_ta_monthly.tsv
1926	10	NA	NA	NA	month	26.05	orig=2605C(e-2)|DSFLAG=J|file=GHCN_v4_qcf_GHCN_BMXLT414882_188701-194012_ta_monthly.tsv
1926	11	NA	NA	NA	month	21.25	orig=2125C(e-2)|DSFLAG=J|file=GHCN_v4_qcf_GHCN_BMXLT414882_188701-194012_ta_monthly.tsv
1926	12	NA	NA	NA	month	18.1	orig=1810C(e-2)|DSFLAG=J|file=GHCN_v4_qcf_GHCN_BMXLT414882_188701-194012_ta_monthly.tsv
1927	1	NA	NA	NA	month	17.35	orig=1735C(e-2)|DSFLAG=J|file=GHCN_v4_qcf_GHCN_BMXLT414882_188701-194012_ta_monthly.tsv
1927	2	NA	NA	NA	month	18.75	orig=1875C(e-2)|DSFLAG=J|file=GHCN_v4_qcf_GHCN_BMXLT414882_188701-194012_ta_monthly.tsv
1927	3	NA	NA	NA	month	21.95	orig=2195C(e-2)|DSFLAG=J|file=GHCN_v4_qcf_GHCN_BMXLT414882_188701-194012_ta_monthly.tsv
1927	4	NA	NA	NA	month	24.8	orig=2480C(e-2)|DSFLAG=J|file=GHCN_v4_qcf_GHCN_BMXLT414882_188701-194012_ta_monthly.tsv
1927	5	NA	NA	NA	month	27.45	orig=2745C(e-2)|DSFLAG=J|file=GHCN_v4_qcf_GHCN_BMXLT414882_188701-194012_ta_monthly.tsv
1927	6	NA	NA	NA	month	28.05	orig=2805C(e-2)|DSFLAG=J|file=GHCN_v4_qcf_GHCN_BMXLT414882_188701-194012_ta_monthly.tsv
1927	7	NA	NA	NA	month	26.94	orig=2694C(e-2)|DSFLAG=J|file=GHCN_v4_qcf_GHCN_BMXLT414882_188701-194012_ta_monthly.tsv
1927	8	NA	NA	NA	month	27.2	orig=2720C(e-2)|DSFLAG=J|file=GHCN_v4_qcf_GHCN_BMXLT414882_188701-194012_ta_monthly.tsv
1927	9	NA	NA	NA	month	26.6	orig=2660C(e-2)|DSFLAG=J|file=GHCN_v4_qcf_GHCN_BMXLT414882_188701-194012_ta_monthly.tsv
1927	10	NA	NA	NA	month	25.1	orig=2510C(e-2)|DSFLAG=J|file=GHCN_v4_qcf_GHCN_BMXLT414882_188701-194012_ta_monthly.tsv
1927	11	NA	NA	NA	month	21.05	orig=2105C(e-2)|DSFLAG=J|file=GHCN_v4_qcf_GHCN_BMXLT414882_188701-194012_ta_monthly.tsv
1927	12	NA	NA	NA	month	16.64	orig=1664C(e-2)|DSFLAG=J|file=GHCN_v4_qcf_GHCN_BMXLT414882_188701-194012_ta_monthly.tsv
1928	1	NA	NA	NA	month	17.85	orig=1785C(e-2)|DSFLAG=J|file=GHCN_v4_qcf_GHCN_BMXLT414882_188701-194012_ta_monthly.tsv
1928	2	NA	NA	NA	month	20.35	orig=2035C(e-2)|DSFLAG=J|file=GHCN_v4_qcf_GHCN_BMXLT414882_188701-194012_ta_monthly.tsv
1928	3	NA	NA	NA	month	23.55	orig=2355C(e-2)|DSFLAG=J|file=GHCN_v4_qcf_GHCN_BMXLT414882_188701-194012_ta_monthly.tsv
1928	4	NA	NA	NA	month	27.69	orig=2769C(e-2)|DSFLAG=J|file=GHCN_v4_qcf_GHCN_BMXLT414882_188701-194012_ta_monthly.tsv
1928	5	NA	NA	NA	month	28.35	orig=2835C(e-2)|DSFLAG=J|file=GHCN_v4_qcf_GHCN_BMXLT414882_188701-194012_ta_monthly.tsv
1928	6	NA	NA	NA	month	26.85	orig=2685C(e-2)|DSFLAG=J|file=GHCN_v4_qcf_GHCN_BMXLT414882_188701-194012_ta_monthly.tsv
1928	7	NA	NA	NA	month	27	orig=2700C(e-2)|DSFLAG=J|file=GHCN_v4_qcf_GHCN_BMXLT414882_188701-194012_ta_monthly.tsv
1928	8	NA	NA	NA	month	27.4	orig=2740C(e-2)|DSFLAG=J|file=GHCN_v4_qcf_GHCN_BMXLT414882_188701-194012_ta_monthly.tsv
1928	9	NA	NA	NA	month	27.48	orig=2748C(e-2)|DSFLAG=J|file=GHCN_v4_qcf_GHCN_BMXLT414882_188701-194012_ta_monthly.tsv
1928	10	NA	NA	NA	month	24.78	orig=2478C(e-2)|DSFLAG=J|file=GHCN_v4_qcf_GHCN_BMXLT414882_188701-194012_ta_monthly.tsv
1928	11	NA	NA	NA	month	20.18	orig=2018C(e-2)|DSFLAG=J|file=GHCN_v4_qcf_GHCN_BMXLT414882_188701-194012_ta_monthly.tsv
1928	12	NA	NA	NA	month	17.08	orig=1708C(e-2)|DSFLAG=J|file=GHCN_v4_qcf_GHCN_BMXLT414882_188701-194012_ta_monthly.tsv
1929	1	NA	NA	NA	month	16.58	orig=1658C(e-2)|DSFLAG=J|file=GHCN_v4_qcf_GHCN_BMXLT414882_188701-194012_ta_monthly.tsv
1929	2	NA	NA	NA	month	17.52	orig=1752C(e-2)|DSFLAG=J|file=GHCN_v4_qcf_GHCN_BMXLT414882_188701-194012_ta_monthly.tsv
1929	3	NA	NA	NA	month	23.28	orig=2328C(e-2)|DSFLAG=J|file=GHCN_v4_qcf_GHCN_BMXLT414882_188701-194012_ta_monthly.tsv
1929	4	NA	NA	NA	month	26.43	orig=2643C(e-2)|DSFLAG=J|file=GHCN_v4_qcf_GHCN_BMXLT414882_188701-194012_ta_monthly.tsv
1929	5	NA	NA	NA	month	26.82	orig=2682C(e-2)|DSFLAG=J|file=GHCN_v4_qcf_GHCN_BMXLT414882_188701-194012_ta_monthly.tsv
1929	6	NA	NA	NA	month	27.68	orig=2768C(e-2)|DSFLAG=J|file=GHCN_v4_qcf_GHCN_BMXLT414882_188701-194012_ta_monthly.tsv
1929	7	NA	NA	NA	month	27.43	orig=2743C(e-2)|DSFLAG=J|file=GHCN_v4_qcf_GHCN_BMXLT414882_188701-194012_ta_monthly.tsv
1929	8	NA	NA	NA	month	27.28	orig=2728C(e-2)|DSFLAG=J|file=GHCN_v4_qcf_GHCN_BMXLT414882_188701-194012_ta_monthly.tsv
1929	9	NA	NA	NA	month	27.63	orig=2763C(e-2)|DSFLAG=J|file=GHCN_v4_qcf_GHCN_BMXLT414882_188701-194012_ta_monthly.tsv
1929	10	NA	NA	NA	month	26.23	orig=2623C(e-2)|DSFLAG=J|file=GHCN_v4_qcf_GHCN_BMXLT414882_188701-194012_ta_monthly.tsv
1929	11	NA	NA	NA	month	20.93	orig=2093C(e-2)|DSFLAG=J|file=GHCN_v4_qcf_GHCN_BMXLT414882_188701-194012_ta_monthly.tsv
1929	12	NA	NA	NA	month	17.43	orig=1743C(e-2)|DSFLAG=J|file=GHCN_v4_qcf_GHCN_BMXLT414882_188701-194012_ta_monthly.tsv
1930	1	NA	NA	NA	month	15.83	orig=1583C(e-2)|DSFLAG=J|file=GHCN_v4_qcf_GHCN_BMXLT414882_188701-194012_ta_monthly.tsv
1930	2	NA	NA	NA	month	18.77	orig=1877C(e-2)|DSFLAG=J|file=GHCN_v4_qcf_GHCN_BMXLT414882_188701-194012_ta_monthly.tsv
1930	3	NA	NA	NA	month	22.58	orig=2258C(e-2)|DSFLAG=J|file=GHCN_v4_qcf_GHCN_BMXLT414882_188701-194012_ta_monthly.tsv
1930	4	NA	NA	NA	month	26.48	orig=2648C(e-2)|DSFLAG=J|file=GHCN_v4_qcf_GHCN_BMXLT414882_188701-194012_ta_monthly.tsv
1930	5	NA	NA	NA	month	27.53	orig=2753C(e-2)|DSFLAG=J|file=GHCN_v4_qcf_GHCN_BMXLT414882_188701-194012_ta_monthly.tsv
1930	6	NA	NA	NA	month	27.13	orig=2713C(e-2)|DSFLAG=J|file=GHCN_v4_qcf_GHCN_BMXLT414882_188701-194012_ta_monthly.tsv
1930	7	NA	NA	NA	month	27.68	orig=2768C(e-2)|DSFLAG=J|file=GHCN_v4_qcf_GHCN_BMXLT414882_188701-194012_ta_monthly.tsv
1930	8	NA	NA	NA	month	27.13	orig=2713C(e-2)|DSFLAG=J|file=GHCN_v4_qcf_GHCN_BMXLT414882_188701-194012_ta_monthly.tsv
1930	9	NA	NA	NA	month	27.53	orig=2753C(e-2)|DSFLAG=J|file=GHCN_v4_qcf_GHCN_BMXLT414882_188701-194012_ta_monthly.tsv
1930	10	NA	NA	NA	month	24.63	orig=2463C(e-2)|DSFLAG=J|file=GHCN_v4_qcf_GHCN_BMXLT414882_188701-194012_ta_monthly.tsv
1930	11	NA	NA	NA	month	21.73	orig=2173C(e-2)|DSFLAG=J|file=GHCN_v4_qcf_GHCN_BMXLT414882_188701-194012_ta_monthly.tsv
1930	12	NA	NA	NA	month	16.93	orig=1693C(e-2)|DSFLAG=J|file=GHCN_v4_qcf_GHCN_BMXLT414882_188701-194012_ta_monthly.tsv
1931	1	NA	NA	NA	month	16.73	orig=1673C(e-2)|DSFLAG=J|file=GHCN_v4_qcf_GHCN_BMXLT414882_188701-194012_ta_monthly.tsv
1931	2	NA	NA	NA	month	20.23	orig=2023C(e-2)|DSFLAG=J|file=GHCN_v4_qcf_GHCN_BMXLT414882_188701-194012_ta_monthly.tsv
1931	3	NA	NA	NA	month	22.82	orig=2282C(e-2)|DSFLAG=J|file=GHCN_v4_qcf_GHCN_BMXLT414882_188701-194012_ta_monthly.tsv
1931	4	NA	NA	NA	month	27.43	orig=2743C(e-2)|DSFLAG=J|file=GHCN_v4_qcf_GHCN_BMXLT414882_188701-194012_ta_monthly.tsv
1931	5	NA	NA	NA	month	27.68	orig=2768C(e-2)|DSFLAG=J|file=GHCN_v4_qcf_GHCN_BMXLT414882_188701-194012_ta_monthly.tsv
1931	6	NA	NA	NA	month	28.07	orig=2807C(e-2)|DSFLAG=J|file=GHCN_v4_qcf_GHCN_BMXLT414882_188701-194012_ta_monthly.tsv
1931	7	NA	NA	NA	month	27.13	orig=2713C(e-2)|DSFLAG=J|file=GHCN_v4_qcf_GHCN_BMXLT414882_188701-194012_ta_monthly.tsv
1931	8	NA	NA	NA	month	27.98	orig=2798C(e-2)|DSFLAG=J|file=GHCN_v4_qcf_GHCN_BMXLT414882_188701-194012_ta_monthly.tsv
1931	9	NA	NA	NA	month	27.57	orig=2757C(e-2)|DSFLAG=J|file=GHCN_v4_qcf_GHCN_BMXLT414882_188701-194012_ta_monthly.tsv
1931	10	NA	NA	NA	month	26.48	orig=2648C(e-2)|DSFLAG=J|file=GHCN_v4_qcf_GHCN_BMXLT414882_188701-194012_ta_monthly.tsv
1931	11	NA	NA	NA	month	20.13	orig=2013C(e-2)|DSFLAG=J|file=GHCN_v4_qcf_GHCN_BMXLT414882_188701-194012_ta_monthly.tsv
1931	12	NA	NA	NA	month	18.02	orig=1802C(e-2)|DSFLAG=J|file=GHCN_v4_qcf_GHCN_BMXLT414882_188701-194012_ta_monthly.tsv
1932	1	NA	NA	NA	month	16.93	orig=1693C(e-2)|DSFLAG=J|file=GHCN_v4_qcf_GHCN_BMXLT414882_188701-194012_ta_monthly.tsv
1932	2	NA	NA	NA	month	17.52	orig=1752C(e-2)|DSFLAG=J|file=GHCN_v4_qcf_GHCN_BMXLT414882_188701-194012_ta_monthly.tsv
1932	3	NA	NA	NA	month	22.93	orig=2293C(e-2)|DSFLAG=J|file=GHCN_v4_qcf_GHCN_BMXLT414882_188701-194012_ta_monthly.tsv
1932	4	NA	NA	NA	month	26.88	orig=2688C(e-2)|DSFLAG=J|file=GHCN_v4_qcf_GHCN_BMXLT414882_188701-194012_ta_monthly.tsv
1932	5	NA	NA	NA	month	28.93	orig=2893C(e-2)|DSFLAG=J|file=GHCN_v4_qcf_GHCN_BMXLT414882_188701-194012_ta_monthly.tsv
1932	6	NA	NA	NA	month	27.88	orig=2788C(e-2)|DSFLAG=J|file=GHCN_v4_qcf_GHCN_BMXLT414882_188701-194012_ta_monthly.tsv
1932	7	NA	NA	NA	month	27.48	orig=2748C(e-2)|DSFLAG=J|file=GHCN_v4_qcf_GHCN_BMXLT414882_188701-194012_ta_monthly.tsv
1932	8	NA	NA	NA	month	26.93	orig=2693C(e-2)|DSFLAG=J|file=GHCN_v4_qcf_GHCN_BMXLT414882_188701-194012_ta_monthly.tsv
1932	9	NA	NA	NA	month	27.33	orig=2733C(e-2)|DSFLAG=J|file=GHCN_v4_qcf_GHCN_BMXLT414882_188701-194012_ta_monthly.tsv
1932	10	NA	NA	NA	month	26.28	orig=2628C(e-2)|DSFLAG=J|file=GHCN_v4_qcf_GHCN_BMXLT414882_188701-194012_ta_monthly.tsv
1932	11	NA	NA	NA	month	22.88	orig=2288C(e-2)|DSFLAG=J|file=GHCN_v4_qcf_GHCN_BMXLT414882_188701-194012_ta_monthly.tsv
1932	12	NA	NA	NA	month	17.63	orig=1763C(e-2)|DSFLAG=J|file=GHCN_v4_qcf_GHCN_BMXLT414882_188701-194012_ta_monthly.tsv
1933	1	NA	NA	NA	month	17.02	orig=1702C(e-2)|DSFLAG=J|file=GHCN_v4_qcf_GHCN_BMXLT414882_188701-194012_ta_monthly.tsv
1933	2	NA	NA	NA	month	19.73	orig=1973C(e-2)|DSFLAG=J|file=GHCN_v4_qcf_GHCN_BMXLT414882_188701-194012_ta_monthly.tsv
1933	3	NA	NA	NA	month	23.83	orig=2383C(e-2)|DSFLAG=J|file=GHCN_v4_qcf_GHCN_BMXLT414882_188701-194012_ta_monthly.tsv
1933	4	NA	NA	NA	month	26.23	orig=2623C(e-2)|DSFLAG=J|file=GHCN_v4_qcf_GHCN_BMXLT414882_188701-194012_ta_monthly.tsv
1933	5	NA	NA	NA	month	27.68	orig=2768C(e-2)|DSFLAG=J|file=GHCN_v4_qcf_GHCN_BMXLT414882_188701-194012_ta_monthly.tsv
1933	6	NA	NA	NA	month	27.73	orig=2773C(e-2)|DSFLAG=J|file=GHCN_v4_qcf_GHCN_BMXLT414882_188701-194012_ta_monthly.tsv
1933	7	NA	NA	NA	month	27.32	orig=2732C(e-2)|DSFLAG=J|file=GHCN_v4_qcf_GHCN_BMXLT414882_188701-194012_ta_monthly.tsv
1933	8	NA	NA	NA	month	27.23	orig=2723C(e-2)|DSFLAG=J|file=GHCN_v4_qcf_GHCN_BMXLT414882_188701-194012_ta_monthly.tsv
1933	9	NA	NA	NA	month	27.98	orig=2798C(e-2)|DSFLAG=J|file=GHCN_v4_qcf_GHCN_BMXLT414882_188701-194012_ta_monthly.tsv
1933	10	NA	NA	NA	month	26.58	orig=2658C(e-2)|DSFLAG=J|file=GHCN_v4_qcf_GHCN_BMXLT414882_188701-194012_ta_monthly.tsv
1933	11	NA	NA	NA	month	20.78	orig=2078C(e-2)|DSFLAG=J|file=GHCN_v4_qcf_GHCN_BMXLT414882_188701-194012_ta_monthly.tsv
1933	12	NA	NA	NA	month	16.88	orig=1688C(e-2)|DSFLAG=J|file=GHCN_v4_qcf_GHCN_BMXLT414882_188701-194012_ta_monthly.tsv
1934	1	NA	NA	NA	month	16.52	orig=1652C(e-2)|DSFLAG=J|file=GHCN_v4_qcf_GHCN_BMXLT414882_188701-194012_ta_monthly.tsv
1934	2	NA	NA	NA	month	18.23	orig=1823C(e-2)|DSFLAG=J|file=GHCN_v4_qcf_GHCN_BMXLT414882_188701-194012_ta_monthly.tsv
1934	3	NA	NA	NA	month	22.38	orig=2238C(e-2)|DSFLAG=J|file=GHCN_v4_qcf_GHCN_BMXLT414882_188701-194012_ta_monthly.tsv
1934	4	NA	NA	NA	month	29.95	Orig.vbl=Tx,Tn|file=BERKELEY_EARTH-ColonialEraWeatherArchive_BE-6219_188701-194009_ta_monthly.tsv
1934	5	NA	NA	NA	month	28.63	orig=2863C(e-2)|DSFLAG=J|file=GHCN_v4_qcf_GHCN_BMXLT414882_188701-194012_ta_monthly.tsv
1934	6	NA	NA	NA	month	26.73	orig=2673C(e-2)|DSFLAG=J|file=GHCN_v4_qcf_GHCN_BMXLT414882_188701-194012_ta_monthly.tsv
1934	7	NA	NA	NA	month	27.38	orig=2738C(e-2)|DSFLAG=J|file=GHCN_v4_qcf_GHCN_BMXLT414882_188701-194012_ta_monthly.tsv
1934	8	NA	NA	NA	month	27.68	orig=2768C(e-2)|DSFLAG=J|file=GHCN_v4_qcf_GHCN_BMXLT414882_188701-194012_ta_monthly.tsv
1934	9	NA	NA	NA	month	27.83	orig=2783C(e-2)|DSFLAG=J|file=GHCN_v4_qcf_GHCN_BMXLT414882_188701-194012_ta_monthly.tsv
1934	10	NA	NA	NA	month	26.13	orig=2613C(e-2)|DSFLAG=J|file=GHCN_v4_qcf_GHCN_BMXLT414882_188701-194012_ta_monthly.tsv
1934	11	NA	NA	NA	month	20.45	orig=2045C(e-2)|DSFLAG=J|file=GHCN_v4_qcf_GHCN_BMXLT414882_188701-194012_ta_monthly.tsv
1934	12	NA	NA	NA	month	16.25	orig=1625C(e-2)|DSFLAG=J|file=GHCN_v4_qcf_GHCN_BMXLT414882_188701-194012_ta_monthly.tsv
1935	1	NA	NA	NA	month	15.2	orig=1520C(e-2)|DSFLAG=J|file=GHCN_v4_qcf_GHCN_BMXLT414882_188701-194012_ta_monthly.tsv
1935	2	NA	NA	NA	month	19	orig=1900C(e-2)|DSFLAG=J|file=GHCN_v4_qcf_GHCN_BMXLT414882_188701-194012_ta_monthly.tsv
1935	3	NA	NA	NA	month	23.6	orig=2360C(e-2)|DSFLAG=J|file=GHCN_v4_qcf_GHCN_BMXLT414882_188701-194012_ta_monthly.tsv
1935	4	NA	NA	NA	month	26.3	orig=2630C(e-2)|DSFLAG=J|file=GHCN_v4_qcf_GHCN_BMXLT414882_188701-194012_ta_monthly.tsv
1935	5	NA	NA	NA	month	29.9	Orig.vbl=Tx,Tn|file=BERKELEY_EARTH-ColonialEraWeatherArchive_BE-6219_188701-194009_ta_monthly.tsv
1935	6	NA	NA	NA	month	27.55	orig=2755C(e-2)|DSFLAG=J|file=GHCN_v4_qcf_GHCN_BMXLT414882_188701-194012_ta_monthly.tsv
1935	7	NA	NA	NA	month	27.9	orig=2790C(e-2)|DSFLAG=J|file=GHCN_v4_qcf_GHCN_BMXLT414882_188701-194012_ta_monthly.tsv
1935	8	NA	NA	NA	month	26.4	orig=2640C(e-2)|DSFLAG=J|file=GHCN_v4_qcf_GHCN_BMXLT414882_188701-194012_ta_monthly.tsv
1935	9	NA	NA	NA	month	27.45	orig=2745C(e-2)|DSFLAG=J|file=GHCN_v4_qcf_GHCN_BMXLT414882_188701-194012_ta_monthly.tsv
1935	10	NA	NA	NA	month	25.55	orig=2555C(e-2)|DSFLAG=J|file=GHCN_v4_qcf_GHCN_BMXLT414882_188701-194012_ta_monthly.tsv
1935	11	NA	NA	NA	month	21.1	orig=2110C(e-2)|DSFLAG=J|file=GHCN_v4_qcf_GHCN_BMXLT414882_188701-194012_ta_monthly.tsv
1935	12	NA	NA	NA	month	16.9	orig=1690C(e-2)|DSFLAG=J|file=GHCN_v4_qcf_GHCN_BMXLT414882_188701-194012_ta_monthly.tsv
1936	1	NA	NA	NA	month	15.8	orig=1580C(e-2)|DSFLAG=J|file=GHCN_v4_qcf_GHCN_BMXLT414882_188701-194012_ta_monthly.tsv
1936	2	NA	NA	NA	month	18	orig=1800C(e-2)|DSFLAG=J|file=GHCN_v4_qcf_GHCN_BMXLT414882_188701-194012_ta_monthly.tsv
1936	3	NA	NA	NA	month	23.25	orig=2325C(e-2)|DSFLAG=J|file=GHCN_v4_qcf_GHCN_BMXLT414882_188701-194012_ta_monthly.tsv
1936	4	NA	NA	NA	month	26.34	orig=2634C(e-2)|DSFLAG=J|file=GHCN_v4_qcf_GHCN_BMXLT414882_188701-194012_ta_monthly.tsv
1936	5	NA	NA	NA	month	27.95	orig=2795C(e-2)|DSFLAG=J|file=GHCN_v4_qcf_GHCN_BMXLT414882_188701-194012_ta_monthly.tsv
1936	6	NA	NA	NA	month	27.6	orig=2760C(e-2)|DSFLAG=J|file=GHCN_v4_qcf_GHCN_BMXLT414882_188701-194012_ta_monthly.tsv
1936	7	NA	NA	NA	month	27.55	orig=2755C(e-2)|DSFLAG=J|file=GHCN_v4_qcf_GHCN_BMXLT414882_188701-194012_ta_monthly.tsv
1936	8	NA	NA	NA	month	27.3	orig=2730C(e-2)|DSFLAG=J|file=GHCN_v4_qcf_GHCN_BMXLT414882_188701-194012_ta_monthly.tsv
1936	9	NA	NA	NA	month	27.55	orig=2755C(e-2)|DSFLAG=J|file=GHCN_v4_qcf_GHCN_BMXLT414882_188701-194012_ta_monthly.tsv
1936	10	NA	NA	NA	month	24.5	orig=2450C(e-2)|DSFLAG=J|file=GHCN_v4_qcf_GHCN_BMXLT414882_188701-194012_ta_monthly.tsv
1936	11	NA	NA	NA	month	22.2	orig=2220C(e-2)|DSFLAG=J|file=GHCN_v4_qcf_GHCN_BMXLT414882_188701-194012_ta_monthly.tsv
1936	12	NA	NA	NA	month	17.54	orig=1754C(e-2)|DSFLAG=J|file=GHCN_v4_qcf_GHCN_BMXLT414882_188701-194012_ta_monthly.tsv
1937	1	NA	NA	NA	month	14.9	orig=1490C(e-2)|DSFLAG=J|file=GHCN_v4_qcf_GHCN_BMXLT414882_188701-194012_ta_monthly.tsv
1937	2	NA	NA	NA	month	19.04	orig=1904C(e-2)|DSFLAG=J|file=GHCN_v4_qcf_GHCN_BMXLT414882_188701-194012_ta_monthly.tsv
1937	3	NA	NA	NA	month	23.05	orig=2305C(e-2)|DSFLAG=J|file=GHCN_v4_qcf_GHCN_BMXLT414882_188701-194012_ta_monthly.tsv
1937	4	NA	NA	NA	month	27.7	orig=2770C(e-2)|DSFLAG=J|file=GHCN_v4_qcf_GHCN_BMXLT414882_188701-194012_ta_monthly.tsv
1937	5	NA	NA	NA	month	28	orig=2800C(e-2)|DSFLAG=J|file=GHCN_v4_qcf_GHCN_BMXLT414882_188701-194012_ta_monthly.tsv
1937	6	NA	NA	NA	month	27.7	orig=2770C(e-2)|DSFLAG=J|file=GHCN_v4_qcf_GHCN_BMXLT414882_188701-194012_ta_monthly.tsv
1937	7	NA	NA	NA	month	27.95	orig=2795C(e-2)|DSFLAG=J|file=GHCN_v4_qcf_GHCN_BMXLT414882_188701-194012_ta_monthly.tsv
1937	8	NA	NA	NA	month	27.25	orig=2725C(e-2)|DSFLAG=J|file=GHCN_v4_qcf_GHCN_BMXLT414882_188701-194012_ta_monthly.tsv
1937	9	NA	NA	NA	month	28.09	orig=2809C(e-2)|DSFLAG=J|file=GHCN_v4_qcf_GHCN_BMXLT414882_188701-194012_ta_monthly.tsv
1937	10	NA	NA	NA	month	26.25	orig=2625C(e-2)|DSFLAG=J|file=GHCN_v4_qcf_GHCN_BMXLT414882_188701-194012_ta_monthly.tsv
1937	11	NA	NA	NA	month	20.8	orig=2080C(e-2)|DSFLAG=J|file=GHCN_v4_qcf_GHCN_BMXLT414882_188701-194012_ta_monthly.tsv
1937	12	NA	NA	NA	month	17.65	orig=1765C(e-2)|DSFLAG=J|file=GHCN_v4_qcf_GHCN_BMXLT414882_188701-194012_ta_monthly.tsv
1938	1	NA	NA	NA	month	17.1	orig=1710C(e-2)|DSFLAG=J|file=GHCN_v4_qcf_GHCN_BMXLT414882_188701-194012_ta_monthly.tsv
1938	2	NA	NA	NA	month	18.4	orig=1840C(e-2)|DSFLAG=J|file=GHCN_v4_qcf_GHCN_BMXLT414882_188701-194012_ta_monthly.tsv
1938	3	NA	NA	NA	month	23.45	orig=2345C(e-2)|DSFLAG=J|file=GHCN_v4_qcf_GHCN_BMXLT414882_188701-194012_ta_monthly.tsv
1938	4	NA	NA	NA	month	27.55	orig=2755C(e-2)|DSFLAG=J|file=GHCN_v4_qcf_GHCN_BMXLT414882_188701-194012_ta_monthly.tsv
1938	5	NA	NA	NA	month	26.8	orig=2680C(e-2)|DSFLAG=J|file=GHCN_v4_qcf_GHCN_BMXLT414882_188701-194012_ta_monthly.tsv
1938	6	NA	NA	NA	month	28.15	orig=2815C(e-2)|DSFLAG=J|file=GHCN_v4_qcf_GHCN_BMXLT414882_188701-194012_ta_monthly.tsv
1938	7	NA	NA	NA	month	27.25	orig=2725C(e-2)|DSFLAG=J|file=GHCN_v4_qcf_GHCN_BMXLT414882_188701-194012_ta_monthly.tsv
1938	8	NA	NA	NA	month	27.65	orig=2765C(e-2)|DSFLAG=J|file=GHCN_v4_qcf_GHCN_BMXLT414882_188701-194012_ta_monthly.tsv
1938	9	NA	NA	NA	month	27.84	orig=2784C(e-2)|DSFLAG=J|file=GHCN_v4_qcf_GHCN_BMXLT414882_188701-194012_ta_monthly.tsv
1938	10	NA	NA	NA	month	25.2	orig=2520C(e-2)|DSFLAG=J|file=GHCN_v4_qcf_GHCN_BMXLT414882_188701-194012_ta_monthly.tsv
1938	11	NA	NA	NA	month	19.65	orig=1965C(e-2)|DSFLAG=J|file=GHCN_v4_qcf_GHCN_BMXLT414882_188701-194012_ta_monthly.tsv
1938	12	NA	NA	NA	month	17.65	orig=1765C(e-2)|DSFLAG=J|file=GHCN_v4_qcf_GHCN_BMXLT414882_188701-194012_ta_monthly.tsv
1939	1	NA	NA	NA	month	16.4	orig=1640C(e-2)|DSFLAG=J|file=GHCN_v4_qcf_GHCN_BMXLT414882_188701-194012_ta_monthly.tsv
1939	2	NA	NA	NA	month	19.75	orig=1975C(e-2)|DSFLAG=J|file=GHCN_v4_qcf_GHCN_BMXLT414882_188701-194012_ta_monthly.tsv
1939	3	NA	NA	NA	month	23.7	orig=2370C(e-2)|DSFLAG=J|file=GHCN_v4_qcf_GHCN_BMXLT414882_188701-194012_ta_monthly.tsv
1939	4	NA	NA	NA	month	27.7	orig=2770C(e-2)|DSFLAG=J|file=GHCN_v4_qcf_GHCN_BMXLT414882_188701-194012_ta_monthly.tsv
1939	5	NA	NA	NA	month	28.25	orig=2825C(e-2)|DSFLAG=J|file=GHCN_v4_qcf_GHCN_BMXLT414882_188701-194012_ta_monthly.tsv
1939	6	NA	NA	NA	month	27.55	orig=2755C(e-2)|DSFLAG=J|file=GHCN_v4_qcf_GHCN_BMXLT414882_188701-194012_ta_monthly.tsv
1939	7	NA	NA	NA	month	27.35	orig=2735C(e-2)|DSFLAG=J|file=GHCN_v4_qcf_GHCN_BMXLT414882_188701-194012_ta_monthly.tsv
1939	8	NA	NA	NA	month	27.55	orig=2755C(e-2)|DSFLAG=J|file=GHCN_v4_qcf_GHCN_BMXLT414882_188701-194012_ta_monthly.tsv
1939	9	NA	NA	NA	month	27.75	orig=2775C(e-2)|DSFLAG=J|file=GHCN_v4_qcf_GHCN_BMXLT414882_188701-194012_ta_monthly.tsv
1939	10	NA	NA	NA	month	25.75	orig=2575C(e-2)|DSFLAG=J|file=GHCN_v4_qcf_GHCN_BMXLT414882_188701-194012_ta_monthly.tsv
1939	11	NA	NA	NA	month	21.65	orig=2165C(e-2)|DSFLAG=J|file=GHCN_v4_qcf_GHCN_BMXLT414882_188701-194012_ta_monthly.tsv
1939	12	NA	NA	NA	month	17.95	orig=1795C(e-2)|DSFLAG=J|file=GHCN_v4_qcf_GHCN_BMXLT414882_188701-194012_ta_monthly.tsv
1940	1	NA	NA	NA	month	15.5	orig=1550C(e-2)|DSFLAG=J|file=GHCN_v4_qcf_GHCN_BMXLT414882_188701-194012_ta_monthly.tsv
1940	2	NA	NA	NA	month	19.35	orig=1935C(e-2)|DSFLAG=J|file=GHCN_v4_qcf_GHCN_BMXLT414882_188701-194012_ta_monthly.tsv
1940	3	NA	NA	NA	month	21.3	orig=2130C(e-2)|DSFLAG=J|file=GHCN_v4_qcf_GHCN_BMXLT414882_188701-194012_ta_monthly.tsv
1940	4	NA	NA	NA	month	27.8	orig=2780C(e-2)|DSFLAG=J|file=GHCN_v4_qcf_GHCN_BMXLT414882_188701-194012_ta_monthly.tsv
1940	5	NA	NA	NA	month	27.6	orig=2760C(e-2)|DSFLAG=J|file=GHCN_v4_qcf_GHCN_BMXLT414882_188701-194012_ta_monthly.tsv
1940	6	NA	NA	NA	month	28	orig=2800C(e-2)|DSFLAG=J|file=GHCN_v4_qcf_GHCN_BMXLT414882_188701-194012_ta_monthly.tsv
1940	7	NA	NA	NA	month	27.4	orig=2740C(e-2)|DSFLAG=J|file=GHCN_v4_qcf_GHCN_BMXLT414882_188701-194012_ta_monthly.tsv
1940	8	NA	NA	NA	month	27.95	orig=2795C(e-2)|DSFLAG=J|file=GHCN_v4_qcf_GHCN_BMXLT414882_188701-194012_ta_monthly.tsv
1940	9	NA	NA	NA	month	28	orig=2800C(e-2)|DSFLAG=J|file=GHCN_v4_qcf_GHCN_BMXLT414882_188701-194012_ta_monthly.tsv
1940	10	NA	NA	NA	month	NA	NA
1940	11	NA	NA	NA	month	NA	NA
1940	12	NA	NA	NA	month	NA	NA
